# Spelling variants, derived from VarCon. THIS IS A MODIFIED VERSION of VarCon's data: a
# selection of its words, in another format. It is not VarCon's own file.
#
# Derived by tools/derive_spelling_variants.py from:
#   varcon.txt, VarCon 2020.12.07, as changed up to 2024-07-22
#   https://github.com/en-wl/wordlist, commit 1605448f6522e9dd432287eff44dfa7232b39c94, varcon/varcon.txt
#   SHA-256 75af63da46ec12d7eb14b9f1ba8d3898d484dd6872755b73c921b215875a3629
#
# Columns, separated by tabs:
#   word     a spelling, in lower case
#   kind     us   accepted in American usage and not in British
#            gb   accepted in British usage and not in American
#            ise  the British spelling with -ise of a word that Oxford and American usage
#                 write with -ize
#   A few words VarCon gives to one usage are left out, because science writes them so in
#   both: the script names each and its authority.
#   instead  what the other usage writes: for `us`, the spelling British usage prefers
#            (and Oxford's after a slash, where it differs); for `gb`, the spelling
#            American usage prefers; for `ise`, the spelling with -ize
#
# Never edit this file by hand: change the script and run it.
#
# VarCon's notices, which its terms ask to travel with every copy:
#
# Copyright 2000-2020 by Kevin Atkinson (kevina@gnu.org) and Benjamin Titze
# (btitze@protonmail.ch).
#
# Copyright 2000-2019 by Kevin Atkinson
#
# Permission to use, copy, modify, distribute and sell this array, the associated
# software, and its documentation for any purpose is hereby granted without fee, provided
# that the above copyright notice appears in all copies and that both that copyright
# notice and this permission notice appear in supporting documentation. Kevin Atkinson
# makes no representations about the suitability of this array for any purpose. It is
# provided "as is" without express or implied warranty.
#
# Copyright 2016 by Benjamin Titze
#
# Permission to use, copy, modify, distribute and sell this array, the associated
# software, and its documentation for any purpose is hereby granted without fee, provided
# that the above copyright notice appears in all copies and that both that copyright
# notice and this permission notice appear in supporting documentation. Benjamin Titze
# makes no representations about the suitability of this array for any purpose. It is
# provided "as is" without express or implied warranty.
#
# Since the original words lists come from the Ispell distribution:
#
# Copyright 1993, Geoff Kuenning, Granada Hills, CA
# All rights reserved.
#
# Redistribution and use in source and binary forms, with or without modification, are
# permitted provided that the following conditions are met:
#
# 1. Redistributions of source code must retain the above copyright notice, this list of
#    conditions and the following disclaimer.
# 2. Redistributions in binary form must reproduce the above copyright notice, this list
#    of conditions and the following disclaimer in the documentation and/or other
#    materials provided with the distribution.
# 3. All modifications to the source code must be clearly marked as such. Binary
#    redistributions based on modified source code must be clearly marked as modified
#    versions in the documentation and/or other materials provided with the distribution.
# (clause 4 removed with permission from Geoff Kuenning)
# 5. The name of Geoff Kuenning may not be used to endorse or promote products derived
#    from this software without specific prior written permission.
#
# THIS SOFTWARE IS PROVIDED BY GEOFF KUENNING AND CONTRIBUTORS ``AS IS'' AND ANY EXPRESS OR
# IMPLIED WARRANTIES, INCLUDING, BUT NOT LIMITED TO, THE IMPLIED WARRANTIES OF
# MERCHANTABILITY AND FITNESS FOR A PARTICULAR PURPOSE ARE DISCLAIMED. IN NO EVENT SHALL
# GEOFF KUENNING OR CONTRIBUTORS BE LIABLE FOR ANY DIRECT, INDIRECT, INCIDENTAL, SPECIAL,
# EXEMPLARY, OR CONSEQUENTIAL DAMAGES (INCLUDING, BUT NOT LIMITED TO, PROCUREMENT OF
# SUBSTITUTE GOODS OR SERVICES; LOSS OF USE, DATA, OR PROFITS; OR BUSINESS INTERRUPTION)
# HOWEVER CAUSED AND ON ANY THEORY OF LIABILITY, WHETHER IN CONTRACT, STRICT LIABILITY, OR
# TORT (INCLUDING NEGLIGENCE OR OTHERWISE) ARISING IN ANY WAY OUT OF THE USE OF THIS
# SOFTWARE, EVEN IF ADVISED OF THE POSSIBILITY OF SUCH DAMAGE.

word	kind	instead
abridgement	gb	abridgment
abridgements	gb	abridgments
abridgment	us	abridgement
abridgments	us	abridgements
absinth	gb	absinthe
absinths	gb	absinthes
accessorise	ise	accessorize
accessorised	ise	accessorized
accessorises	ise	accessorizes
accessorising	ise	accessorizing
acclimatisation	ise	acclimatization
acclimatise	ise	acclimatize
acclimatised	ise	acclimatized
acclimatises	ise	acclimatizes
acclimatising	ise	acclimatizing
accouter	us	accoutre
accoutered	us	accoutred
accoutering	us	accoutring
accouterment	us	accoutrement
accouterments	us	accoutrements
accouters	us	accoutres
achromatisation	ise	achromatization
achromatisations	ise	achromatizations
achromatise	ise	achromatize
achromatised	ise	achromatized
achromatises	ise	achromatizes
achromatising	ise	achromatizing
acidaemia	gb	acidemia
acidemia	us	acidaemia
actualisation	ise	actualization
actualisations	ise	actualizations
actualise	ise	actualize
actualised	ise	actualized
actualises	ise	actualizes
actualising	ise	actualizing
adonise	ise	adonize
adonised	ise	adonized
adonises	ise	adonizes
adonising	ise	adonizing
adulterise	ise	adulterize
adulterised	ise	adulterized
adulterises	ise	adulterizes
adulterising	ise	adulterizing
adverbialise	ise	adverbialize
adverbialised	ise	adverbialized
adverbialises	ise	adverbializes
adverbialising	ise	adverbializing
aerofoil	gb	airfoil
aerofoils	gb	airfoils
aeroplane	gb	airplane
aeroplanes	gb	airplanes
aesthetician	gb	esthetician
aestheticians	gb	estheticians
aestheticise	ise	aestheticize
aestheticised	ise	aestheticized
aestheticises	ise	aestheticizes
aestheticising	ise	aestheticizing
aestival	gb	estival
aestivate	gb	estivate
aestivated	gb	estivated
aestivates	gb	estivates
aestivating	gb	estivating
aestivation	gb	estivation
aestivations	gb	estivations
aetiologically	gb	etiologically
aetiologist	gb	etiologist
aetiology	gb	etiology
afterward	us	afterwards
agatise	ise	agatize
agatises	ise	agatizes
agenise	ise	agenize
aggrandise	ise	aggrandize
aggrandised	ise	aggrandized
aggrandisement	ise	aggrandizement
aggrandisements	ise	aggrandizements
aggrandiser	ise	aggrandizer
aggrandisers	ise	aggrandizers
aggrandises	ise	aggrandizes
aggrandising	ise	aggrandizing
agnise	ise	agnize
agnised	ise	agnized
agnises	ise	agnizes
agnising	ise	agnizing
agonise	ise	agonize
agonised	ise	agonized
agonises	ise	agonizes
agonising	ise	agonizing
agonisinglier	ise	agonizinglier
agonisingliest	ise	agonizingliest
agonisingly	ise	agonizingly
agrise	ise	agrize
agrised	ise	agrized
agrises	ise	agrizes
agrising	ise	agrizing
aguise	ise	aguize
aguised	ise	aguized
aguises	ise	aguizes
aguising	ise	aguizing
airfoil	us	aerofoil
airfoils	us	aerofoils
airplane	us	aeroplane
airplanes	us	aeroplanes
albitise	ise	albitize
albitised	ise	albitized
albitises	ise	albitizes
albitising	ise	albitizing
alchemise	ise	alchemize
alchemised	ise	alchemized
alchemises	ise	alchemizes
alchemising	ise	alchemizing
alcoholisation	ise	alcoholization
alcoholisations	ise	alcoholizations
alcoholise	ise	alcoholize
alcoholised	ise	alcoholized
alcoholises	ise	alcoholizes
alcoholising	ise	alcoholizing
alkalinisation	ise	alkalinization
alkalinisations	ise	alkalinizations
alkalinise	ise	alkalinize
alkalinised	ise	alkalinized
alkalinises	ise	alkalinizes
alkalinising	ise	alkalinizing
alkalisation	ise	alkalization
alkalisations	ise	alkalizations
alkalise	ise	alkalize
alkalised	ise	alkalized
alkalises	ise	alkalizes
alkalising	ise	alkalizing
allegorisation	ise	allegorization
allegorisations	ise	allegorizations
allegorise	ise	allegorize
allegorised	ise	allegorized
allegorises	ise	allegorizes
allegorising	ise	allegorizing
almanack	gb	almanac
almanacks	gb	almanacs
alphabetisation	ise	alphabetization
alphabetisations	ise	alphabetizations
alphabetise	ise	alphabetize
alphabetised	ise	alphabetized
alphabetises	ise	alphabetizes
alphabetising	ise	alphabetizing
aluminise	ise	aluminize
aluminised	ise	aluminized
aluminises	ise	aluminizes
aluminising	ise	aluminizing
aluminium	gb	aluminum
aluminiums	gb	aluminums
aluminum	us	aluminium
aluminums	us	aluminiums
ameba	us	amoeba
amebae	us	amoebas
amebas	us	amoebas
amebic	us	amoebic
ameboid	us	amoeboid
amenorrhea	us	amenorrhoea
amenorrheal	us	amenorrhoeal
amenorrheas	us	amenorrhoeas
amenorrhoea	gb	amenorrhea
amenorrhoeal	gb	amenorrheal
amenorrhoeas	gb	amenorrheas
americanisation	ise	americanization
americanised	ise	americanized
amongst	gb	among
amortisation	ise	amortization
amortisations	ise	amortizations
amortise	ise	amortize
amortised	ise	amortized
amortises	ise	amortizes
amortising	ise	amortizing
amphitheater	us	amphitheatre
amphitheaters	us	amphitheatres
amphitheatre	gb	amphitheater
amphitheatres	gb	amphitheaters
anabaptise	ise	anabaptize
anabaptised	ise	anabaptized
anabaptises	ise	anabaptizes
anabaptising	ise	anabaptizing
anaemia	gb	anemia
anaemias	gb	anemias
anaemic	gb	anemic
anaemically	gb	anemically
anaemicer	gb	anemicer
anaemicest	gb	anemicest
anaemics	gb	anemics
anaesthesia	gb	anesthesia
anaesthesias	gb	anesthesias
anaesthesiologies	gb	anesthesiologies
anaesthesiologist	gb	anesthesiologist
anaesthesiologists	gb	anesthesiologists
anaesthesiology	gb	anesthesiology
anaesthesis	gb	anesthesis
anaesthetic	gb	anesthetic
anaesthetically	gb	anesthetically
anaestheticer	gb	anestheticer
anaestheticest	gb	anestheticest
anaesthetics	gb	anesthetics
anaesthetisation	gb	anesthetization
anaesthetisations	gb	anesthetizations
anaesthetise	gb	anesthetize
anaesthetised	gb	anesthetized
anaesthetises	gb	anesthetizes
anaesthetising	gb	anesthetizing
anaesthetist	gb	anesthetist
anaesthetists	gb	anesthetists
anaesthetization	gb	anesthetization
anaesthetizations	gb	anesthetizations
anaesthetize	gb	anesthetize
anaesthetized	gb	anesthetized
anaesthetizes	gb	anesthetizes
anaesthetizing	gb	anesthetizing
anagrammatise	ise	anagrammatize
anagrammatised	ise	anagrammatized
anagrammatises	ise	anagrammatizes
anagrammatising	ise	anagrammatizing
analogise	ise	analogize
analogised	ise	analogized
analogises	ise	analogizes
analogising	ise	analogizing
analysable	gb	analyzable
analysabler	gb	analyzabler
analysablest	gb	analyzablest
analyse	gb	analyze
analysed	gb	analyzed
analyser	gb	analyzer
analysers	gb	analyzers
analysing	gb	analyzing
analyzable	us	analysable
analyzabler	us	analysabler
analyzablest	us	analysablest
analyze	us	analyse
analyzed	us	analysed
analyzer	us	analyser
analyzers	us	analysers
analyzes	us	analyses
analyzing	us	analysing
anarchise	ise	anarchize
anarchised	ise	anarchized
anarchises	ise	anarchizes
anarchising	ise	anarchizing
anathematisation	ise	anathematization
anathematisations	ise	anathematizations
anathematise	ise	anathematize
anathematised	ise	anathematized
anathematises	ise	anathematizes
anathematising	ise	anathematizing
anatomisation	ise	anatomization
anatomise	ise	anatomize
anatomised	ise	anatomized
anatomises	ise	anatomizes
anatomising	ise	anatomizing
anemia	us	anaemia
anemias	us	anaemias
anemic	us	anaemic
anemically	us	anaemically
anemicer	us	anaemicer
anemicest	us	anaemicest
anemics	us	anaemics
anesthesia	us	anaesthesia
anesthesias	us	anaesthesias
anesthesiologies	us	anaesthesiologies
anesthesiologist	us	anaesthesiologist
anesthesiologists	us	anaesthesiologists
anesthesiology	us	anaesthesiology
anesthesis	us	anaesthesis
anesthetic	us	anaesthetic
anesthetically	us	anaesthetically
anestheticer	us	anaestheticer
anestheticest	us	anaestheticest
anesthetics	us	anaesthetics
anesthetist	us	anaesthetist
anesthetists	us	anaesthetists
anesthetization	us	anaesthetisation/anaesthetization
anesthetizations	us	anaesthetisations/anaesthetizations
anesthetize	us	anaesthetise/anaesthetize
anesthetized	us	anaesthetised/anaesthetized
anesthetizes	us	anaesthetises/anaesthetizes
anesthetizing	us	anaesthetising/anaesthetizing
anestra	us	anoestra
anestri	us	anoestri
anestrous	us	anoestrous
anestrum	us	anoestrum
anestrus	us	anoestrus
anestruses	us	anoestruses
anglicisation	ise	anglicization
anglicisations	ise	anglicizations
anglicise	ise	anglicize
anglicised	ise	anglicized
anglicises	ise	anglicizes
anglicising	ise	anglicizing
animalisation	ise	animalization
animalisations	ise	animalizations
animalise	ise	animalize
animalised	ise	animalized
animalises	ise	animalizes
animalising	ise	animalizing
annalise	ise	annalize
annalised	ise	annalized
annalises	ise	annalizes
annalising	ise	annalizing
annualise	ise	annualize
annualised	ise	annualized
annualises	ise	annualizes
annualising	ise	annualizing
anodisation	ise	anodization
anodise	ise	anodize
anodised	ise	anodized
anodises	ise	anodizes
anodising	ise	anodizing
anoestra	gb	anestra
anoestri	gb	anestri
anoestrous	gb	anestrous
anoestrum	gb	anestrum
anoestrus	gb	anestrus
anoestruses	gb	anestruses
anonymise	ise	anonymize
anonymised	ise	anonymized
anonymises	ise	anonymizes
anonymising	ise	anonymizing
anoxaemia	gb	anoxemia
anoxaemic	gb	anoxemic
anoxemia	us	anoxaemia
anoxemic	us	anoxaemic
antagonisation	ise	antagonization
antagonisations	ise	antagonizations
antagonise	ise	antagonize
antagonised	ise	antagonized
antagonises	ise	antagonizes
antagonising	ise	antagonizing
anthologise	ise	anthologize
anthologised	ise	anthologized
anthologises	ise	anthologizes
anthologising	ise	anthologizing
anthropomorphisation	ise	anthropomorphization
anthropomorphisations	ise	anthropomorphizations
anthropomorphise	ise	anthropomorphize
anthropomorphised	ise	anthropomorphized
anthropomorphises	ise	anthropomorphizes
anthropomorphising	ise	anthropomorphizing
antisepticise	ise	antisepticize
antisepticised	ise	antisepticized
antisepticises	ise	antisepticizes
antisepticising	ise	antisepticizing
aphetise	ise	aphetize
aphetised	ise	aphetized
aphetises	ise	aphetizes
aphetising	ise	aphetizing
aphorise	ise	aphorize
aphorised	ise	aphorized
aphorises	ise	aphorizes
aphorising	ise	aphorizing
apnea	us	apnoea
apneal	us	apnoeal
apneas	us	apnoeas
apnoea	gb	apnea
apnoeal	gb	apneal
apnoeas	gb	apneas
apologise	ise	apologize
apologised	ise	apologized
apologises	ise	apologizes
apologising	ise	apologizing
apophthegmatise	ise	apophthegmatize
apophthegmatised	ise	apophthegmatized
apophthegmatises	ise	apophthegmatizes
apophthegmatising	ise	apophthegmatizing
apostatise	ise	apostatize
apostatised	ise	apostatized
apostatises	ise	apostatizes
apostatising	ise	apostatizing
apostolise	ise	apostolize
apostolised	ise	apostolized
apostolises	ise	apostolizes
apostolising	ise	apostolizing
apostrophise	ise	apostrophize
apostrophised	ise	apostrophized
apostrophises	ise	apostrophizes
apostrophising	ise	apostrophizing
apothegmatise	ise	apothegmatize
apothegmatised	ise	apothegmatized
apothegmatises	ise	apothegmatizes
apothegmatising	ise	apothegmatizing
apotheosise	ise	apotheosize
apotheosised	ise	apotheosized
apotheosises	ise	apotheosizes
apotheosising	ise	apotheosizing
appal	gb	appall
appall	us	appal
appalls	us	appals
appals	gb	appalls
appareled	us	apparelled
appareling	us	apparelling
apparelled	gb	appareled
apparelling	gb	appareling
appetise	ise	appetize
appetised	ise	appetized
appetiser	ise	appetizer
appetisers	ise	appetizers
appetises	ise	appetizes
appetising	ise	appetizing
appetisingly	ise	appetizingly
arabisation	ise	arabization
arabisations	ise	arabizations
arabise	ise	arabize
arabised	ise	arabized
arabises	ise	arabizes
arabising	ise	arabizing
arbor	us	arbour
arbored	us	arboured
arbores	us	arboures
arborisation	ise	arborization
arborisations	ise	arborizations
arborise	ise	arborize
arborised	ise	arborized
arborises	ise	arborizes
arborising	ise	arborizing
arbors	us	arbours
arbour	gb	arbor
arboured	gb	arbored
arboures	gb	arbores
arbours	gb	arbors
archaise	ise	archaize
archaised	ise	archaized
archaises	ise	archaizes
archaising	ise	archaizing
archeologic	us	archaeologic
archeological	us	archaeological
archeologies	us	archaeologies
archeologist	us	archaeologist
archeologists	us	archaeologists
archeology	us	archaeology
ardor	us	ardour
ardors	us	ardours
ardour	gb	ardor
ardours	gb	ardors
armor	us	armour
armored	us	armoured
armorer	us	armourer
armorers	us	armourers
armories	us	armouries
armoring	us	armouring
armors	us	armours
armory	us	armoury
armour	gb	armor
armoured	gb	armored
armourer	gb	armorer
armourers	gb	armorers
armouries	gb	armories
armouring	gb	armoring
armours	gb	armors
armoury	gb	armory
aromatisation	ise	aromatization
aromatise	ise	aromatize
aromatised	ise	aromatized
aromatises	ise	aromatizes
aromatising	ise	aromatizing
arse	gb	ass
arsehole	gb	asshole
arseholes	gb	assholes
arses	gb	asses
artefact	gb	artifact
artefacts	gb	artifacts
arterialisation	ise	arterialization
arterialisations	ise	arterializations
arterialise	ise	arterialize
arterialised	ise	arterialized
arterialises	ise	arterializes
arterialising	ise	arterializing
artifact	us	artefact
artifacts	us	artefacts
artificialise	ise	artificialize
artificialised	ise	artificialized
artificialises	ise	artificializes
artificialising	ise	artificializing
asafetida	us	asafoetida
asafetidas	us	asafoetidas
asafoetida	gb	asafetida
asafoetidas	gb	asafetidas
asepticise	ise	asepticize
asepticised	ise	asepticized
asepticises	ise	asepticizes
asepticising	ise	asepticizing
aspheterise	ise	aspheterize
aspheterised	ise	aspheterized
aspheterises	ise	aspheterizes
aspheterising	ise	aspheterizing
asshole	us	arsehole
assholes	us	arseholes
astronomise	ise	astronomize
astronomised	ise	astronomized
astronomises	ise	astronomizes
astronomising	ise	astronomizing
atheise	ise	atheize
atheised	ise	atheized
atheises	ise	atheizes
atheising	ise	atheizing
athetise	ise	athetize
athetised	ise	athetized
athetises	ise	athetizes
athetising	ise	athetizing
atomisation	ise	atomization
atomisations	ise	atomizations
atomise	ise	atomize
atomised	ise	atomized
atomiser	ise	atomizer
atomisers	ise	atomizers
atomises	ise	atomizes
atomising	ise	atomizing
atticise	ise	atticize
atticises	ise	atticizes
attitudinise	ise	attitudinize
attitudinised	ise	attitudinized
attitudinises	ise	attitudinizes
attitudinising	ise	attitudinizing
attitudinisings	ise	attitudinizings
authorisation	ise	authorization
authorisations	ise	authorizations
authorise	ise	authorize
authorised	ise	authorized
authorises	ise	authorizes
authorising	ise	authorizing
autoimmunisation	ise	autoimmunization
autoionisation	ise	autoionization
automatisation	ise	automatization
automatisations	ise	automatizations
automatise	ise	automatize
automatised	ise	automatized
automatises	ise	automatizes
automatising	ise	automatizing
autotomise	ise	autotomize
autotomised	ise	autotomized
autotomises	ise	autotomizes
autotomising	ise	autotomizing
autotoxaemia	gb	autotoxemia
autotoxaemias	gb	autotoxemias
autotoxemia	us	autotoxaemia
autotoxemias	us	autotoxaemias
avianise	ise	avianize
avianised	ise	avianized
avianises	ise	avianizes
avianising	ise	avianizing
axiomatisation	ise	axiomatization
axiomatisations	ise	axiomatizations
axiomatise	ise	axiomatize
axiomatised	ise	axiomatized
axiomatises	ise	axiomatizes
axiomatising	ise	axiomatizing
azotaemia	gb	azotemia
azotemia	us	azotaemia
azotise	ise	azotize
azotised	ise	azotized
azotises	ise	azotizes
azotising	ise	azotizing
bacillaemia	gb	bacillemia
bacillaemias	gb	bacillemias
bacillemia	us	bacillaemia
bacillemias	us	bacillaemias
bacteraemia	gb	bacteremia
bacteraemias	gb	bacteremias
bacteremia	us	bacteraemia
bacteremias	us	bacteraemias
bacterise	ise	bacterize
bacterised	ise	bacterized
bacterises	ise	bacterizes
bacterising	ise	bacterizing
balk	us	baulk
balkanisation	ise	balkanization
balkanisations	ise	balkanizations
balkanise	ise	balkanize
balkanised	ise	balkanized
balkanises	ise	balkanizes
balkanising	ise	balkanizing
balked	us	baulked
balking	us	baulking
balks	us	baulks
banalisation	ise	banalization
banalisations	ise	banalizations
banalise	ise	banalize
banalised	ise	banalized
banalises	ise	banalizes
banalising	ise	banalizing
baptise	ise	baptize
baptised	ise	baptized
baptiser	ise	baptizer
baptisers	ise	baptizers
baptises	ise	baptizes
baptising	ise	baptizing
barbarisation	ise	barbarization
barbarisations	ise	barbarizations
barbarise	ise	barbarize
barbarised	ise	barbarized
barbarises	ise	barbarizes
barbarising	ise	barbarizing
barreled	us	barrelled
barreling	us	barrelling
bastardisation	ise	bastardization
bastardisations	ise	bastardizations
bastardise	ise	bastardize
bastardised	ise	bastardized
bastardises	ise	bastardizes
bastardising	ise	bastardizing
battleax	us	battleaxe
battologise	ise	battologize
baulk	gb	balk
baulked	gb	balked
baulking	gb	balking
baulks	gb	balks
bedeviled	us	bedevilled
bedeviling	us	bedevilling
bedevilled	gb	bedeviled
bedevilling	gb	bedeviling
behavior	us	behaviour
behavioral	us	behavioural
behavioraler	us	behaviouraler
behavioralest	us	behaviouralest
behaviorally	us	behaviourally
behaviorism	us	behaviourism
behaviorisms	us	behaviourisms
behaviorist	us	behaviourist
behavioristic	us	behaviouristic
behavioristicer	us	behaviouristicer
behavioristicest	us	behaviouristicest
behavioristics	us	behaviouristics
behaviorists	us	behaviourists
behaviors	us	behaviours
behaviour	gb	behavior
behavioural	gb	behavioral
behaviouraler	gb	behavioraler
behaviouralest	gb	behavioralest
behaviourally	gb	behaviorally
behaviourism	gb	behaviorism
behaviourisms	gb	behaviorisms
behaviourist	gb	behaviorist
behaviouristic	gb	behavioristic
behaviouristicer	gb	behavioristicer
behaviouristicest	gb	behavioristicest
behaviouristics	gb	behavioristics
behaviourists	gb	behaviorists
behaviours	gb	behaviors
behoove	us	behove
behooved	us	behoved
behooves	us	behoves
behooving	us	behoving
behoovings	us	behovings
behove	gb	behoove
behoved	gb	behooved
behoves	gb	behooves
behoving	gb	behooving
behovings	gb	behoovings
bejeweled	us	bejewelled
bejeweling	us	bejewelling
bejewelled	gb	bejeweled
bejewelling	gb	bejeweling
belabor	us	belabour
belabored	us	belaboured
belaboring	us	belabouring
belabors	us	belabours
belabour	gb	belabor
belaboured	gb	belabored
belabouring	gb	belaboring
belabours	gb	belabors
bestialise	ise	bestialize
bestialised	ise	bestialized
bestialises	ise	bestializes
bestialising	ise	bestializing
beveled	us	bevelled
beveler	us	beveller
bevelers	us	bevellers
beveling	us	bevelling
bevelings	us	bevellings
bevelled	gb	beveled
beveller	gb	beveler
bevellers	gb	bevelers
bevelling	gb	beveling
bevellings	gb	bevelings
binging	us	bingeing
bipolarisation	ise	bipolarization
bipolarise	ise	bipolarize
bipolarises	ise	bipolarizes
bister	us	bistre
bisters	us	bistres
bistre	gb	bister
bistres	gb	bisters
bituminisation	ise	bituminization
bituminisations	ise	bituminizations
bituminise	ise	bituminize
bituminised	ise	bituminized
bituminises	ise	bituminizes
bituminising	ise	bituminizing
blamable	us	blameable
blennorrhea	us	blennorrhoea
blennorrhoea	gb	blennorrhea
bolshevise	ise	bolshevize
bolshevised	ise	bolshevized
bolshevises	ise	bolshevizes
bolshevising	ise	bolshevizing
botanise	ise	botanize
botanised	ise	botanized
botanises	ise	botanizes
botanising	ise	botanizing
bowdlerisation	ise	bowdlerization
bowdlerisations	ise	bowdlerizations
bowdlerise	ise	bowdlerize
bowdlerised	ise	bowdlerized
bowdlerises	ise	bowdlerizes
bowdlerising	ise	bowdlerizing
breathalyse	gb	breathalyze
breathalysed	gb	breathalyzed
breathalyser	gb	breathalyzer
breathalysers	gb	breathalyzers
breathalyses	gb	breathalyzes
breathalysing	gb	breathalyzing
breathalyze	us	breathalyse
breathalyzed	us	breathalysed
breathalyzer	us	breathalyser
breathalyzers	us	breathalysers
breathalyzes	us	breathalyses
breathalyzing	us	breathalysing
bromise	ise	bromize
bromised	ise	bromized
bromising	ise	bromizing
brutalisation	ise	brutalization
brutalisations	ise	brutalizations
brutalise	ise	brutalize
brutalised	ise	brutalized
brutalises	ise	brutalizes
brutalising	ise	brutalizing
bureaucratisation	ise	bureaucratization
bureaucratisations	ise	bureaucratizations
bureaucratise	ise	bureaucratize
bureaucratised	ise	bureaucratized
bureaucratises	ise	bureaucratizes
bureaucratising	ise	bureaucratizing
burglarise	ise	burglarize
burglarised	ise	burglarized
burglarises	ise	burglarizes
burglarising	ise	burglarizing
burnettise	ise	burnettize
burnettised	ise	burnettized
burnettises	ise	burnettizes
burnettising	ise	burnettizing
bussings	gb	busings
caesium	gb	cesium
caesiums	gb	cesiums
caesural	gb	cesural
calendarisation	ise	calendarization
calendarisations	ise	calendarizations
calendarise	ise	calendarize
calendarised	ise	calendarized
calendarises	ise	calendarizes
calendarising	ise	calendarizing
caliber	us	calibre
calibers	us	calibres
calibre	gb	caliber
calibres	gb	calibers
calk	us	caulk
calked	us	caulked
calking	us	caulking
calks	us	caulks
calliper	gb	caliper
callipered	gb	calipered
callipering	gb	calipering
callipers	gb	calipers
camise	ise	camize
canalisation	ise	canalization
canalisations	ise	canalizations
canalise	ise	canalize
canalised	ise	canalized
canalises	ise	canalizes
canalising	ise	canalizing
canceled	us	cancelled
canceler	us	canceller
cancelers	us	cancellers
canceling	us	cancelling
canceller	gb	canceler
cancellers	gb	cancelers
candor	us	candour
candors	us	candours
candour	gb	candor
candours	gb	candors
canisterisation	ise	canisterization
canisterisations	ise	canisterizations
canisterise	ise	canisterize
canisterised	ise	canisterized
canisterises	ise	canisterizes
canisterising	ise	canisterizing
cannibalisation	ise	cannibalization
cannibalisations	ise	cannibalizations
cannibalise	ise	cannibalize
cannibalised	ise	cannibalized
cannibalises	ise	cannibalizes
cannibalising	ise	cannibalizing
canonisation	ise	canonization
canonisations	ise	canonizations
canonise	ise	canonize
canonised	ise	canonized
canonises	ise	canonizes
canonising	ise	canonizing
cantonisation	ise	cantonization
cantonisations	ise	cantonizations
cantonise	ise	cantonize
cantonised	ise	cantonized
cantonises	ise	cantonizes
cantonising	ise	cantonizing
capitalisation	ise	capitalization
capitalisations	ise	capitalizations
capitalise	ise	capitalize
capitalised	ise	capitalized
capitalises	ise	capitalizes
capitalising	ise	capitalizing
caponise	ise	caponize
caponised	ise	caponized
caponises	ise	caponizes
caponising	ise	caponizing
capsulise	ise	capsulize
capsulised	ise	capsulized
capsulises	ise	capsulizes
capsulising	ise	capsulizing
caramelisation	ise	caramelization
caramelisations	ise	caramelizations
caramelise	ise	caramelize
caramelised	ise	caramelized
caramelises	ise	caramelizes
caramelising	ise	caramelizing
carbolise	ise	carbolize
carbolised	ise	carbolized
carbolises	ise	carbolizes
carbolising	ise	carbolizing
carbonisation	ise	carbonization
carbonisations	ise	carbonizations
carbonise	ise	carbonize
carbonised	ise	carbonized
carbonises	ise	carbonizes
carbonising	ise	carbonizing
carburisation	ise	carburization
carburisations	ise	carburizations
carburise	ise	carburize
carburised	ise	carburized
carburises	ise	carburizes
carburising	ise	carburizing
carnalise	ise	carnalize
carnalised	ise	carnalized
carnalises	ise	carnalizes
carnalising	ise	carnalizing
caroled	us	carolled
caroler	us	caroller
carolers	us	carollers
caroling	us	carolling
carolled	gb	caroled
caroller	gb	caroler
carollers	gb	carolers
carolling	gb	caroling
cartelisation	ise	cartelization
cartelisations	ise	cartelizations
cartelise	ise	cartelize
cartelised	ise	cartelized
cartelises	ise	cartelizes
cartelising	ise	cartelizing
casualisation	ise	casualization
casualisations	ise	casualizations
casualise	ise	casualize
casualised	ise	casualized
casualises	ise	casualizes
casualising	ise	casualizing
catabolise	ise	catabolize
catalog	us	catalogue
cataloged	us	catalogued
cataloger	us	cataloguer
catalogers	us	cataloguers
cataloging	us	cataloguing
catalogs	us	catalogues
cataloguer	gb	cataloger
cataloguers	gb	catalogers
cataloguise	ise	cataloguize
cataloguised	ise	cataloguized
cataloguises	ise	cataloguizes
cataloguising	ise	cataloguizing
catalyse	gb	catalyze
catalysed	gb	catalyzed
catalysing	gb	catalyzing
catalyze	us	catalyse
catalyzed	us	catalysed
catalyzes	us	catalyses
catalyzing	us	catalysing
catechisation	ise	catechization
catechisations	ise	catechizations
catechise	ise	catechize
catechised	ise	catechized
catechiser	ise	catechizer
catechisers	ise	catechizers
catechises	ise	catechizes
catechising	ise	catechizing
catechisings	ise	catechizings
categorisation	ise	categorization
categorisations	ise	categorizations
categorise	ise	categorize
categorised	ise	categorized
categorises	ise	categorizes
categorising	ise	categorizing
catharise	ise	catharize
catharised	ise	catharized
catharises	ise	catharizes
catharising	ise	catharizing
catheterisation	ise	catheterization
catheterisations	ise	catheterizations
catheterise	ise	catheterize
catheterised	ise	catheterized
catheterises	ise	catheterizes
catheterising	ise	catheterizing
catholicisation	ise	catholicization
catholicisations	ise	catholicizations
catholicise	ise	catholicize
catholicised	ise	catholicized
catholicises	ise	catholicizes
catholicising	ise	catholicizing
cauterisation	ise	cauterization
cauterisations	ise	cauterizations
cauterise	ise	cauterize
cauterised	ise	cauterized
cauterises	ise	cauterizes
cauterising	ise	cauterizing
caviled	us	cavilled
caviler	us	caviller
cavilers	us	cavillers
caviling	us	cavilling
cavilings	us	cavillings
cavilled	gb	caviled
caviller	gb	caviler
cavillers	gb	cavilers
cavilling	gb	caviling
cavillings	gb	cavilings
celiac	us	coeliac
celiacs	us	coeliacs
celiotomy	us	coeliotomy
celoms	us	coeloms
center	us	centre
centerboard	us	centreboard
centerboards	us	centreboards
centered	us	centred
centerfold	us	centrefold
centerfolds	us	centrefolds
centering	us	centring
centerings	us	centrings
centerpiece	us	centrepiece
centerpieces	us	centrepieces
centers	us	centres
centigramme	gb	centigram
centigrammes	gb	centigrams
centiliter	us	centilitre
centiliters	us	centilitres
centilitre	gb	centiliter
centilitres	gb	centiliters
centimeter	us	centimetre
centimeters	us	centimetres
centimetre	gb	centimeter
centimetres	gb	centimeters
centralisation	ise	centralization
centralisations	ise	centralizations
centralise	ise	centralize
centralised	ise	centralized
centralises	ise	centralizes
centralising	ise	centralizing
centre	gb	center
centreboard	gb	centerboard
centreboards	gb	centerboards
centred	gb	centered
centrefold	gb	centerfold
centrefolds	gb	centerfolds
centrepiece	gb	centerpiece
centrepieces	gb	centerpieces
centres	gb	centers
centrifugalisation	ise	centrifugalization
centrifugalisations	ise	centrifugalizations
centrifugalise	ise	centrifugalize
centrifugalised	ise	centrifugalized
centrifugalises	ise	centrifugalizes
centrifugalising	ise	centrifugalizing
centring	gb	centering
centrings	gb	centerings
cephalisation	ise	cephalization
cephalisations	ise	cephalizations
cesium	us	caesium
cesiums	us	caesiums
cesural	us	caesural
channeled	us	channelled
channeling	us	channelling
channelisation	ise	channelization
channelisations	ise	channelizations
channelise	ise	channelize
channelised	ise	channelized
channelises	ise	channelizes
channelising	ise	channelizing
channelled	gb	channeled
channelling	gb	channeling
chaptalisation	ise	chaptalization
chaptalisations	ise	chaptalizations
chaptalise	ise	chaptalize
chaptalised	ise	chaptalized
chaptalises	ise	chaptalizes
chaptalising	ise	chaptalizing
characterisation	ise	characterization
characterisations	ise	characterizations
characterise	ise	characterize
characterised	ise	characterized
characterises	ise	characterizes
characterising	ise	characterizing
checkbook	us	chequebook
checkbooks	us	chequebooks
checkerboard	us	chequerboard
checkerboards	us	chequerboards
checkered	us	chequered
checkering	us	chequering
cheque	gb	check
chequebook	gb	checkbook
chequebooks	gb	checkbooks
chequer	gb	checker
chequerboard	gb	checkerboard
chequerboards	gb	checkerboards
chequered	gb	checkered
chequering	gb	checkering
chequers	gb	checkers
cheques	gb	checks
chili	us	chilli
chilies	us	chillies
chilli	gb	chili
chillies	gb	chilies
chiseled	us	chiselled
chiseler	us	chiseller
chiselers	us	chisellers
chiseling	us	chiselling
chloridise	ise	chloridize
chloridised	ise	chloridized
chloridises	ise	chloridizes
chloridising	ise	chloridizing
chlorinise	ise	chlorinize
chlorinised	ise	chlorinized
chlorinises	ise	chlorinizes
chlorinising	ise	chlorinizing
chloritisation	ise	chloritization
chloritisations	ise	chloritizations
cholaemia	gb	cholemia
cholaemias	gb	cholemias
cholemia	us	cholaemia
cholemias	us	cholaemias
chorisation	ise	chorization
chorisations	ise	chorizations
christianisation	ise	christianization
christianisations	ise	christianizations
christianise	ise	christianize
christianised	ise	christianized
christianises	ise	christianizes
christianising	ise	christianizing
chromise	ise	chromize
chromised	ise	chromized
chromises	ise	chromizes
chromising	ise	chromizing
chronologise	ise	chronologize
chronologised	ise	chronologized
chronologises	ise	chronologizes
chronologising	ise	chronologizing
cicatrisation	ise	cicatrization
cicatrisations	ise	cicatrizations
cicatrise	ise	cicatrize
cicatrised	ise	cicatrized
cicatrises	ise	cicatrizes
cicatrising	ise	cicatrizing
cinchonisation	ise	cinchonization
cinchonisations	ise	cinchonizations
cinchonise	ise	cinchonize
cinchonised	ise	cinchonized
cinchonises	ise	cinchonizes
cinchonising	ise	cinchonizing
cinematise	ise	cinematize
circularisation	ise	circularization
circularisations	ise	circularizations
circularise	ise	circularize
circularised	ise	circularized
circularises	ise	circularizes
circularising	ise	circularizing
citizenise	ise	citizenize
citizenised	ise	citizenized
citizenises	ise	citizenizes
citizenising	ise	citizenizing
civilianisation	ise	civilianization
civilianisations	ise	civilianizations
civilianise	ise	civilianize
civilianised	ise	civilianized
civilianises	ise	civilianizes
civilianising	ise	civilianizing
civilisation	ise	civilization
civilisations	ise	civilizations
civilise	ise	civilize
civilised	ise	civilized
civiliser	ise	civilizer
civilisers	ise	civilizers
civilises	ise	civilizes
civilising	ise	civilizing
clamor	us	clamour
clamored	us	clamoured
clamoring	us	clamouring
clamors	us	clamours
clamour	gb	clamor
clamoured	gb	clamored
clamouring	gb	clamoring
clamours	gb	clamors
clangor	us	clangour
clangored	us	clangoured
clangoring	us	clangouring
clangors	us	clangours
clangour	gb	clangor
clangoured	gb	clangored
clangouring	gb	clangoring
clangours	gb	clangors
clarinetist	us	clarinettist
clarinetists	us	clarinettists
classicise	ise	classicize
classicised	ise	classicized
classicises	ise	classicizes
classicising	ise	classicizing
climatise	ise	climatize
climatised	ise	climatized
climatises	ise	climatizes
climatising	ise	climatizing
coalise	ise	coalize
coalised	ise	coalized
coalises	ise	coalizes
coalising	ise	coalizing
cocainisation	ise	cocainization
cocainisations	ise	cocainizations
cocainise	ise	cocainize
cocainised	ise	cocainized
cocainises	ise	cocainizes
cocainising	ise	cocainizing
coeliac	gb	celiac
coeliacs	gb	celiacs
coeliotomy	gb	celiotomy
coelomata	gb	celoms
coeloms	gb	celoms
coenobite	gb	cenobite
coenobites	gb	cenobites
coenobitic	gb	cenobitic
coenobitical	gb	cenobitical
cognisable	ise	cognizable
cognisabler	ise	cognizabler
cognisablest	ise	cognizablest
cognisance	ise	cognizance
cognisances	ise	cognizances
cognisant	ise	cognizant
cognisanter	ise	cognizanter
cognisantest	ise	cognizantest
cognise	ise	cognize
cognised	ise	cognized
cognises	ise	cognizes
cognising	ise	cognizing
collateralise	ise	collateralize
collectivisation	ise	collectivization
collectivisations	ise	collectivizations
collectivise	ise	collectivize
collectivised	ise	collectivized
collectivises	ise	collectivizes
collectivising	ise	collectivizing
colloquise	ise	colloquize
colloquised	ise	colloquized
colloquises	ise	colloquizes
colloquising	ise	colloquizing
colonialise	ise	colonialize
colonialised	ise	colonialized
colonialises	ise	colonializes
colonialising	ise	colonializing
colonisation	ise	colonization
colonisations	ise	colonizations
colonise	ise	colonize
colonised	ise	colonized
coloniser	ise	colonizer
colonisers	ise	colonizers
colonises	ise	colonizes
colonising	ise	colonizing
color	us	colour
colorable	us	colourable
colorabler	us	colourabler
colorables	us	colourables
colorablest	us	colourablest
colorant	us	colourant
colorants	us	colourants
colored	us	coloured
coloreds	us	coloureds
colorer	us	colourer
colorers	us	colourers
colorful	us	colourful
colorfuler	us	colourfuler
colorfulest	us	colourfulest
colorfullier	us	colourfullier
colorfulliest	us	colourfulliest
colorfully	us	colourfully
colorfulness	us	colourfulness
colorfulnesses	us	colourfulnesses
coloring	us	colouring
colorings	us	colourings
colorist	us	colourist
colorists	us	colourists
colorless	us	colourless
colorlesser	us	colourlesser
colorlessest	us	colourlessest
colorlesslier	us	colourlesslier
colorlessliest	us	colourlessliest
colorlessly	us	colourlessly
colorrest	us	colourest
colors	us	colours
colorway	us	colourway
colorways	us	colourways
colour	gb	color
colourable	gb	colorable
colourabler	gb	colorabler
colourables	gb	colorables
colourablest	gb	colorablest
colourant	gb	colorant
colourants	gb	colorants
colouration	gb	coloration
colourations	gb	colorations
coloured	gb	colored
coloureds	gb	coloreds
colourer	gb	colorer
colourers	gb	colorers
colourest	gb	colorrest
colourful	gb	colorful
colourfuler	gb	colorfuler
colourfulest	gb	colorfulest
colourfullier	gb	colorfullier
colourfulliest	gb	colorfulliest
colourfully	gb	colorfully
colourfulness	gb	colorfulness
colourfulnesses	gb	colorfulnesses
colouring	gb	coloring
colourings	gb	colorings
colourist	gb	colorist
colourists	gb	colorists
colourless	gb	colorless
colourlesser	gb	colorlesser
colourlessest	gb	colorlessest
colourlesslier	gb	colorlesslier
colourlessliest	gb	colorlessliest
colourlessly	gb	colorlessly
colours	gb	colors
colourway	gb	colorway
colourways	gb	colorways
commercialisation	ise	commercialization
commercialisations	ise	commercializations
commercialise	ise	commercialize
commercialised	ise	commercialized
commercialises	ise	commercializes
commercialising	ise	commercializing
communalisation	ise	communalization
communalisations	ise	communalizations
communalise	ise	communalize
communalised	ise	communalized
communalises	ise	communalizes
communalising	ise	communalizing
communisation	ise	communization
communisations	ise	communizations
communise	ise	communize
communised	ise	communized
communises	ise	communizes
communising	ise	communizing
compartmentalisation	ise	compartmentalization
compartmentalisations	ise	compartmentalizations
compartmentalise	ise	compartmentalize
compartmentalised	ise	compartmentalized
compartmentalises	ise	compartmentalizes
compartmentalising	ise	compartmentalizing
comprehensivisation	ise	comprehensivization
comprehensivisations	ise	comprehensivizations
comprehensivise	ise	comprehensivize
comprehensivised	ise	comprehensivized
comprehensivises	ise	comprehensivizes
comprehensivising	ise	comprehensivizing
computerisation	ise	computerization
computerisations	ise	computerizations
computerise	ise	computerize
computerised	ise	computerized
computerises	ise	computerizes
computerising	ise	computerizing
conceptualisation	ise	conceptualization
conceptualisations	ise	conceptualizations
conceptualise	ise	conceptualize
conceptualised	ise	conceptualized
conceptualises	ise	conceptualizes
conceptualising	ise	conceptualizing
concertise	ise	concertize
concertised	ise	concertized
concertises	ise	concertizes
concertising	ise	concertizing
concretisation	ise	concretization
concretisations	ise	concretizations
concretise	ise	concretize
concretised	ise	concretized
concretises	ise	concretizes
concretising	ise	concretizing
connexion	gb	connection
connexions	gb	connections
conservatise	ise	conservatize
conservatised	ise	conservatized
conservatises	ise	conservatizes
conservatising	ise	conservatizing
constitutionalisation	ise	constitutionalization
constitutionalisations	ise	constitutionalizations
constitutionalise	ise	constitutionalize
constitutionalised	ise	constitutionalized
constitutionalises	ise	constitutionalizes
constitutionalising	ise	constitutionalizing
containerisation	ise	containerization
containerisations	ise	containerizations
containerise	ise	containerize
containerised	ise	containerized
containerises	ise	containerizes
containerising	ise	containerizing
contemporise	ise	contemporize
contemporised	ise	contemporized
contemporises	ise	contemporizes
contemporising	ise	contemporizing
contextualisation	ise	contextualization
contextualisations	ise	contextualizations
contextualise	ise	contextualize
contextualised	ise	contextualized
contextualises	ise	contextualizes
contextualising	ise	contextualizing
conventionalisation	ise	conventionalization
conventionalisations	ise	conventionalizations
conventionalise	ise	conventionalize
conventionalised	ise	conventionalized
conventionalises	ise	conventionalizes
conventionalising	ise	conventionalizing
conveyorise	ise	conveyorize
conveyorised	ise	conveyorized
conveyorises	ise	conveyorizes
conveyorising	ise	conveyorizing
cooky	us	cookie
copolymerisation	ise	copolymerization
copolymerisations	ise	copolymerizations
copolymerise	ise	copolymerize
copolymerised	ise	copolymerized
copolymerises	ise	copolymerizes
copolymerising	ise	copolymerizing
copraemia	gb	copremia
copraemic	gb	copremic
copremia	us	copraemia
copremic	us	copraemic
cordialise	ise	cordialize
cordialised	ise	cordialized
cordialises	ise	cordializes
cordialising	ise	cordializing
corinthianise	ise	corinthianize
corinthianised	ise	corinthianized
corinthianises	ise	corinthianizes
corinthianising	ise	corinthianizing
corporealise	ise	corporealize
corporealised	ise	corporealized
corporealises	ise	corporealizes
corporealising	ise	corporealizing
cosied	gb	cozied
cosier	gb	cozier
cosies	gb	cozies
cosiest	gb	coziest
cosily	gb	cozily
cosiness	gb	coziness
cosmeticise	ise	cosmeticize
cosmeticised	ise	cosmeticized
cosmeticises	ise	cosmeticizes
cosmeticising	ise	cosmeticizing
cosmopolitanise	ise	cosmopolitanize
cosmopolitanised	ise	cosmopolitanized
cosmopolitanises	ise	cosmopolitanizes
cosmopolitanising	ise	cosmopolitanizing
cosy	gb	cozy
cosying	gb	cozying
councillor	gb	councilor
councillors	gb	councilors
councillorship	gb	councilorship
councillorships	gb	councilorships
councilor	us	councillor
councilors	us	councillors
councilorship	us	councillorship
councilorships	us	councillorships
counseled	us	counselled
counseling	us	counselling
counselled	gb	counseled
counselling	gb	counseling
counsellor	gb	counselor
counsellors	gb	counselors
counselor	us	counsellor
counselors	us	counsellors
cozied	us	cosied
cozier	us	cosier
cozies	us	cosies
coziest	us	cosiest
cozily	us	cosily
coziness	us	cosiness
cozy	us	cosy
cozying	us	cosying
crenellate	gb	crenelate
crenellated	gb	crenelated
crenellater	gb	crenelater
crenellates	gb	crenelates
crenellatest	gb	crenelatest
crenellating	gb	crenelating
creolisation	ise	creolization
creolisations	ise	creolizations
creolise	ise	creolize
creolised	ise	creolized
creolises	ise	creolizes
creolising	ise	creolizing
cretinise	ise	cretinize
cretinised	ise	cretinized
cretinises	ise	cretinizes
cretinising	ise	cretinizing
criminalisation	ise	criminalization
criminalisations	ise	criminalizations
criminalise	ise	criminalize
criminalised	ise	criminalized
criminalises	ise	criminalizes
criminalising	ise	criminalizing
criticisable	ise	criticizable
criticisabler	ise	criticizabler
criticisables	ise	criticizables
criticisablest	ise	criticizablest
criticise	ise	criticize
criticised	ise	criticized
criticiser	ise	criticizer
criticisers	ise	criticizers
criticises	ise	criticizes
criticising	ise	criticizing
crueler	us	crueller
cruelest	us	cruellest
crueller	gb	crueler
cruellest	gb	cruelest
crystallisable	ise	crystallizable
crystallisabler	ise	crystallizabler
crystallisables	ise	crystallizables
crystallisablest	ise	crystallizablest
crystallisation	ise	crystallization
crystallisations	ise	crystallizations
crystallise	ise	crystallize
crystallised	ise	crystallized
crystallises	ise	crystallizes
crystallising	ise	crystallizing
cuckoldise	ise	cuckoldize
cuckoldised	ise	cuckoldized
cuckoldises	ise	cuckoldizes
cuckoldising	ise	cuckoldizing
cudgeled	us	cudgelled
cudgeling	us	cudgelling
cudgelings	us	cudgellings
cudgelled	gb	cudgeled
cudgelling	gb	cudgeling
cudgellings	gb	cudgelings
cupelation	us	cupellation
cupellation	gb	cupelation
curarise	ise	curarize
curarised	ise	curarized
curarises	ise	curarizes
curarising	ise	curarizing
customisation	ise	customization
customisations	ise	customizations
customise	ise	customize
customised	ise	customized
customises	ise	customizes
customising	ise	customizing
cutinisation	ise	cutinization
cutinisations	ise	cutinizations
cutinise	ise	cutinize
cutinised	ise	cutinized
cutinises	ise	cutinizes
cutinising	ise	cutinizing
cyanise	ise	cyanize
cyanised	ise	cyanized
cyanises	ise	cyanizes
cyanising	ise	cyanizing
cyclisation	ise	cyclization
cyclisations	ise	cyclizations
cyclise	ise	cyclize
cyclised	ise	cyclized
cyclises	ise	cyclizes
cyclising	ise	cyclizing
dealcoholise	ise	dealcoholize
dealcoholised	ise	dealcoholized
dealcoholises	ise	dealcoholizes
dealcoholising	ise	dealcoholizing
deaminise	ise	deaminize
decapitalisation	ise	decapitalization
decapitalisations	ise	decapitalizations
decapitalise	ise	decapitalize
decapitalised	ise	decapitalized
decapitalises	ise	decapitalizes
decapitalising	ise	decapitalizing
decarbonisation	ise	decarbonization
decarbonisations	ise	decarbonizations
decarbonise	ise	decarbonize
decarbonised	ise	decarbonized
decarbonises	ise	decarbonizes
decarbonising	ise	decarbonizing
decarburisation	ise	decarburization
decarburisations	ise	decarburizations
decarburise	ise	decarburize
decarburised	ise	decarburized
decarburises	ise	decarburizes
decarburising	ise	decarburizing
decasualisation	ise	decasualization
decasualisations	ise	decasualizations
decentralisation	ise	decentralization
decentralisations	ise	decentralizations
decentralise	ise	decentralize
decentralised	ise	decentralized
decentralises	ise	decentralizes
decentralising	ise	decentralizing
decerebrise	ise	decerebrize
decerebrised	ise	decerebrized
decerebrises	ise	decerebrizes
decerebrising	ise	decerebrizing
dechristianisation	ise	dechristianization
dechristianisations	ise	dechristianizations
dechristianise	ise	dechristianize
dechristianised	ise	dechristianized
dechristianises	ise	dechristianizes
dechristianising	ise	dechristianizing
deciliter	us	decilitre
deciliters	us	decilitres
decilitre	gb	deciliter
decilitres	gb	deciliters
decimalisation	ise	decimalization
decimalisations	ise	decimalizations
decimalise	ise	decimalize
decimalised	ise	decimalized
decimalises	ise	decimalizes
decimalising	ise	decimalizing
decimeter	us	decimetre
decimeters	us	decimetres
decimetre	gb	decimeter
decimetres	gb	decimeters
decivilise	ise	decivilize
decivilised	ise	decivilized
decivilises	ise	decivilizes
decivilising	ise	decivilizing
decolonisation	ise	decolonization
decolonisations	ise	decolonizations
decolonise	ise	decolonize
decolonised	ise	decolonized
decolonises	ise	decolonizes
decolonising	ise	decolonizing
decriminalisation	ise	decriminalization
decriminalisations	ise	decriminalizations
decriminalise	ise	decriminalize
decriminalised	ise	decriminalized
decriminalises	ise	decriminalizes
decriminalising	ise	decriminalizing
dedramatise	ise	dedramatize
dedramatised	ise	dedramatized
dedramatises	ise	dedramatizes
dedramatising	ise	dedramatizing
deemphasise	ise	deemphasize
deemphasised	ise	deemphasized
deemphasises	ise	deemphasizes
deemphasising	ise	deemphasizing
defeminisation	ise	defeminization
defeminise	ise	defeminize
defeminised	ise	defeminized
defeminises	ise	defeminizes
defeminising	ise	defeminizing
defence	gb	defense
defenced	gb	defensed
defenceless	gb	defenseless
defencelesser	gb	defenselesser
defencelessest	gb	defenselessest
defencelessness	gb	defenselessness
defencelessnesses	gb	defenselessnesses
defences	gb	defenses
defencing	gb	defensing
defense	us	defence
defensed	us	defenced
defenseless	us	defenceless
defenselesser	us	defencelesser
defenselessest	us	defencelessest
defenselessness	us	defencelessness
defenselessnesses	us	defencelessnesses
defenses	us	defences
defensing	us	defencing
defeudalise	ise	defeudalize
defeudalised	ise	defeudalized
defeudalises	ise	defeudalizes
defeudalising	ise	defeudalizing
defibrinise	ise	defibrinize
defibrinised	ise	defibrinized
defibrinises	ise	defibrinizes
defibrinising	ise	defibrinizing
definitise	ise	definitize
definitised	ise	definitized
definitises	ise	definitizes
definitising	ise	definitizing
deformalise	ise	deformalize
dehumanisation	ise	dehumanization
dehumanisations	ise	dehumanizations
dehumanise	ise	dehumanize
dehumanised	ise	dehumanized
dehumanises	ise	dehumanizes
dehumanising	ise	dehumanizing
dehydrogenisation	ise	dehydrogenization
dehydrogenise	ise	dehydrogenize
dehydrogenised	ise	dehydrogenized
dehydrogenising	ise	dehydrogenizing
dehypnotisation	ise	dehypnotization
dehypnotisations	ise	dehypnotizations
dehypnotise	ise	dehypnotize
dehypnotised	ise	dehypnotized
dehypnotises	ise	dehypnotizes
dehypnotising	ise	dehypnotizing
deindustrialisation	ise	deindustrialization
deindustrialisations	ise	deindustrializations
deindustrialise	ise	deindustrialize
deindustrialised	ise	deindustrialized
deindustrialises	ise	deindustrializes
deindustrialising	ise	deindustrializing
deionisation	ise	deionization
deionise	ise	deionize
deionised	ise	deionized
deionises	ise	deionizes
deionising	ise	deionizing
delocalisation	ise	delocalization
delocalisations	ise	delocalizations
delocalise	ise	delocalize
delocalised	ise	delocalized
delocalises	ise	delocalizes
delocalising	ise	delocalizing
demagnetisation	ise	demagnetization
demagnetisations	ise	demagnetizations
demagnetise	ise	demagnetize
demagnetised	ise	demagnetized
demagnetiser	ise	demagnetizer
demagnetisers	ise	demagnetizers
demagnetises	ise	demagnetizes
demagnetising	ise	demagnetizing
demasculinise	ise	demasculinize
dematerialisation	ise	dematerialization
dematerialisations	ise	dematerializations
dematerialise	ise	dematerialize
dematerialised	ise	dematerialized
dematerialises	ise	dematerializes
dematerialising	ise	dematerializing
demeanor	us	demeanour
demeanors	us	demeanours
demeanour	gb	demeanor
demeanours	gb	demeanors
demilitarisation	ise	demilitarization
demilitarisations	ise	demilitarizations
demilitarise	ise	demilitarize
demilitarised	ise	demilitarized
demilitarises	ise	demilitarizes
demilitarising	ise	demilitarizing
demineralisation	ise	demineralization
demineralisations	ise	demineralizations
demineralise	ise	demineralize
demineralised	ise	demineralized
demineralises	ise	demineralizes
demineralising	ise	demineralizing
demobilisation	ise	demobilization
demobilisations	ise	demobilizations
demobilise	ise	demobilize
demobilised	ise	demobilized
demobilises	ise	demobilizes
demobilising	ise	demobilizing
democratisation	ise	democratization
democratisations	ise	democratizations
democratise	ise	democratize
democratised	ise	democratized
democratises	ise	democratizes
democratising	ise	democratizing
demonetisation	ise	demonetization
demonetisations	ise	demonetizations
demonetise	ise	demonetize
demonetised	ise	demonetized
demonetises	ise	demonetizes
demonetising	ise	demonetizing
demonisation	ise	demonization
demonise	ise	demonize
demonised	ise	demonized
demonises	ise	demonizes
demonising	ise	demonizing
demoralisation	ise	demoralization
demoralisations	ise	demoralizations
demoralise	ise	demoralize
demoralised	ise	demoralized
demoralises	ise	demoralizes
demoralising	ise	demoralizing
demoralisingly	ise	demoralizingly
demutualisation	ise	demutualization
demutualisations	ise	demutualizations
demutualise	ise	demutualize
demutualised	ise	demutualized
demutualises	ise	demutualizes
demutualising	ise	demutualizing
demythologisation	ise	demythologization
demythologisations	ise	demythologizations
demythologise	ise	demythologize
demythologised	ise	demythologized
demythologises	ise	demythologizes
demythologising	ise	demythologizing
denationalisation	ise	denationalization
denationalisations	ise	denationalizations
denationalise	ise	denationalize
denationalised	ise	denationalized
denationalises	ise	denationalizes
denationalising	ise	denationalizing
denaturalisation	ise	denaturalization
denaturalisations	ise	denaturalizations
denaturalise	ise	denaturalize
denaturalised	ise	denaturalized
denaturalises	ise	denaturalizes
denaturalising	ise	denaturalizing
denaturise	ise	denaturize
denaturised	ise	denaturized
denaturises	ise	denaturizes
denaturising	ise	denaturizing
dentin	us	dentine
dentins	us	dentines
denuclearisation	ise	denuclearization
denuclearisations	ise	denuclearizations
denuclearise	ise	denuclearize
denuclearised	ise	denuclearized
denuclearises	ise	denuclearizes
denuclearising	ise	denuclearizing
deodorisation	ise	deodorization
deodorisations	ise	deodorizations
deodorise	ise	deodorize
deodorised	ise	deodorized
deodoriser	ise	deodorizer
deodorisers	ise	deodorizers
deodorises	ise	deodorizes
deodorising	ise	deodorizing
deoxidisation	ise	deoxidization
deoxidisations	ise	deoxidizations
deoxidise	ise	deoxidize
deoxidised	ise	deoxidized
deoxidises	ise	deoxidizes
deoxidising	ise	deoxidizing
deoxygenise	ise	deoxygenize
deoxygenised	ise	deoxygenized
deoxygenises	ise	deoxygenizes
deoxygenising	ise	deoxygenizing
departmentalisation	ise	departmentalization
departmentalisations	ise	departmentalizations
departmentalise	ise	departmentalize
departmentalised	ise	departmentalized
departmentalises	ise	departmentalizes
departmentalising	ise	departmentalizing
depauperisation	ise	depauperization
depauperise	ise	depauperize
depauperised	ise	depauperized
depauperises	ise	depauperizes
depauperising	ise	depauperizing
dependant	gb	dependent
dependants	gb	dependents
depersonalisation	ise	depersonalization
depersonalisations	ise	depersonalizations
depersonalise	ise	depersonalize
depersonalised	ise	depersonalized
depersonalises	ise	depersonalizes
depersonalising	ise	depersonalizing
depolarisation	ise	depolarization
depolarisations	ise	depolarizations
depolarise	ise	depolarize
depolarised	ise	depolarized
depolarises	ise	depolarizes
depolarising	ise	depolarizing
depoliticisation	ise	depoliticization
depoliticise	ise	depoliticize
depoliticised	ise	depoliticized
depoliticises	ise	depoliticizes
depoliticising	ise	depoliticizing
depolymerisation	ise	depolymerization
depolymerisations	ise	depolymerizations
depolymerise	ise	depolymerize
depolymerised	ise	depolymerized
depolymerises	ise	depolymerizes
depolymerising	ise	depolymerizing
depressurisation	ise	depressurization
depressurisations	ise	depressurizations
depressurise	ise	depressurize
depressurised	ise	depressurized
depressurises	ise	depressurizes
depressurising	ise	depressurizing
deputisation	ise	deputization
deputise	ise	deputize
deputised	ise	deputized
deputises	ise	deputizes
deputising	ise	deputizing
deracialise	ise	deracialize
deracialised	ise	deracialized
deracialises	ise	deracializes
deracialising	ise	deracializing
derealisation	ise	derealization
derecognise	ise	derecognize
derecognised	ise	derecognized
derecognises	ise	derecognizes
derecognising	ise	derecognizing
dereligionise	ise	dereligionize
dereligionised	ise	dereligionized
dereligionises	ise	dereligionizes
dereligionising	ise	dereligionizing
desacralisation	ise	desacralization
desacralisations	ise	desacralizations
desacralise	ise	desacralize
desacralised	ise	desacralized
desacralises	ise	desacralizes
desacralising	ise	desacralizing
desalinisation	ise	desalinization
desalinisations	ise	desalinizations
desalinise	ise	desalinize
desalinised	ise	desalinized
desalinises	ise	desalinizes
desalinising	ise	desalinizing
descendent	gb	descendant
desensitisation	ise	desensitization
desensitisations	ise	desensitizations
desensitise	ise	desensitize
desensitised	ise	desensitized
desensitiser	ise	desensitizer
desensitisers	ise	desensitizers
desensitises	ise	desensitizes
desensitising	ise	desensitizing
desertisation	ise	desertization
desertisations	ise	desertizations
desexualisation	ise	desexualization
desexualisations	ise	desexualizations
desexualise	ise	desexualize
desexualised	ise	desexualized
desexualises	ise	desexualizes
desexualising	ise	desexualizing
desilverisation	ise	desilverization
desilverisations	ise	desilverizations
desilverise	ise	desilverize
desilverised	ise	desilverized
desilverises	ise	desilverizes
desilverising	ise	desilverizing
despiritualise	ise	despiritualize
destabilisation	ise	destabilization
destabilise	ise	destabilize
destabilised	ise	destabilized
destabilises	ise	destabilizes
destabilising	ise	destabilizing
desterilise	ise	desterilize
desulphurisation	gb	desulfurization
desulphurisations	gb	desulfurizations
desulphurise	gb	desulfurize
desulphurised	gb	desulfurized
desulphurises	gb	desulfurizes
desulphurising	gb	desulfurizing
desulphurization	gb	desulfurization
desulphurizations	gb	desulfurizations
desulphurize	gb	desulfurize
desulphurized	gb	desulfurized
desulphurizes	gb	desulfurizes
desulphurizing	gb	desulfurizing
detribalisation	ise	detribalization
detribalisations	ise	detribalizations
detribalise	ise	detribalize
detribalised	ise	detribalized
detribalises	ise	detribalizes
detribalising	ise	detribalizing
devalorisation	ise	devalorization
devalorisations	ise	devalorizations
devalorise	ise	devalorize
devalorised	ise	devalorized
devalorises	ise	devalorizes
devalorising	ise	devalorizing
deviled	us	devilled
deviling	us	devilling
devilled	gb	deviled
devilling	gb	deviling
devitalisation	ise	devitalization
devitalisations	ise	devitalizations
devitalise	ise	devitalize
devitalised	ise	devitalized
devitalises	ise	devitalizes
devitalising	ise	devitalizing
devocalisation	ise	devocalization
devocalise	ise	devocalize
devocalised	ise	devocalized
devocalises	ise	devocalizes
devocalising	ise	devocalizing
devolatilisation	ise	devolatilization
devolatilisations	ise	devolatilizations
devolatilise	ise	devolatilize
devolatilised	ise	devolatilized
devolatilises	ise	devolatilizes
devolatilising	ise	devolatilizing
diabolise	ise	diabolize
diabolised	ise	diabolized
diabolises	ise	diabolizes
diabolising	ise	diabolizing
diagonalisation	ise	diagonalization
diagonalise	ise	diagonalize
diagonalised	ise	diagonalized
diagonalises	ise	diagonalizes
diagonalising	ise	diagonalizing
dialed	us	dialled
dialing	us	dialling
dialings	us	diallings
dialled	gb	dialed
dialling	gb	dialing
diallings	gb	dialings
dialogise	ise	dialogize
dialogised	ise	dialogized
dialogises	ise	dialogizes
dialogising	ise	dialogizing
dialyse	gb	dialyze
dialysed	gb	dialyzed
dialysing	gb	dialyzing
dialyze	us	dialyse
dialyzed	us	dialysed
dialyzes	us	dialyses
dialyzing	us	dialysing
diarise	ise	diarize
diarised	ise	diarized
diarises	ise	diarizes
diarising	ise	diarizing
diarrhea	us	diarrhoea
diarrheal	us	diarrhoeal
diarrhealer	us	diarrhoealer
diarrhealest	us	diarrhoealest
diarrheas	us	diarrhoeas
diarrhoea	gb	diarrhea
diarrhoeal	gb	diarrheal
diarrhoealer	gb	diarrhealer
diarrhoealest	gb	diarrhealest
diarrhoeas	gb	diarrheas
dichotomisation	ise	dichotomization
dichotomisations	ise	dichotomizations
dichotomise	ise	dichotomize
dichotomised	ise	dichotomized
dichotomises	ise	dichotomizes
dichotomising	ise	dichotomizing
dieselisation	ise	dieselization
dieselisations	ise	dieselizations
dieselise	ise	dieselize
dieselised	ise	dieselized
dieselises	ise	dieselizes
dieselising	ise	dieselizing
diestrous	us	dioestrous
diestrum	us	dioestrum
diestrus	us	dioestrus
diestruses	us	dioestruses
diethylstilboestrol	gb	diethylstilbestrol
digitalisation	ise	digitalization
digitalisations	ise	digitalizations
digitalise	ise	digitalize
digitalised	ise	digitalized
digitalising	ise	digitalizing
digitisation	ise	digitization
digitisations	ise	digitizations
digitise	ise	digitize
digitised	ise	digitized
digitiser	ise	digitizer
digitisers	ise	digitizers
digitises	ise	digitizes
digitising	ise	digitizing
dimerisation	ise	dimerization
dimerisations	ise	dimerizations
dimerise	ise	dimerize
dimerised	ise	dimerized
dimerises	ise	dimerizes
dimerising	ise	dimerizing
dioestrous	gb	diestrous
dioestrum	gb	diestrum
dioestrus	gb	diestrus
dioestruses	gb	diestruses
diopter	us	dioptre
diopters	us	dioptres
dioptre	gb	diopter
dioptres	gb	diopters
diphthongisation	ise	diphthongization
diphthongisations	ise	diphthongizations
diphthongise	ise	diphthongize
diphthongised	ise	diphthongized
diphthongises	ise	diphthongizes
diphthongising	ise	diphthongizing
diplomatise	ise	diplomatize
diplomatised	ise	diplomatized
diplomatises	ise	diplomatizes
diplomatising	ise	diplomatizing
disauthorise	ise	disauthorize
disauthorised	ise	disauthorized
disauthorises	ise	disauthorizes
disauthorising	ise	disauthorizing
discolor	us	discolour
discolored	us	discoloured
discoloreds	us	discoloureds
discoloring	us	discolouring
discolors	us	discolours
discolour	gb	discolor
discolouration	gb	discoloration
discolourations	gb	discolorations
discoloured	gb	discolored
discoloureds	gb	discoloreds
discolouring	gb	discoloring
discolours	gb	discolors
disemboweled	us	disembowelled
disemboweling	us	disembowelling
disembowelled	gb	disemboweled
disembowelling	gb	disemboweling
disfavor	us	disfavour
disfavored	us	disfavoured
disfavoring	us	disfavouring
disfavors	us	disfavours
disfavour	gb	disfavor
disfavoured	gb	disfavored
disfavouring	gb	disfavoring
disfavours	gb	disfavors
disharmonise	ise	disharmonize
disharmonised	ise	disharmonized
disharmonises	ise	disharmonizes
disharmonising	ise	disharmonizing
disheveled	us	dishevelled
disheveling	us	dishevelling
dishevelled	gb	disheveled
dishevelling	gb	disheveling
dishonor	us	dishonour
dishonorable	us	dishonourable
dishonorableness	us	dishonourableness
dishonorablenesses	us	dishonourablenesses
dishonorabler	us	dishonourabler
dishonorables	us	dishonourables
dishonorablest	us	dishonourablest
dishonorablier	us	dishonourablier
dishonorablies	us	dishonourablies
dishonorabliest	us	dishonourabliest
dishonorably	us	dishonourably
dishonored	us	dishonoured
dishonoring	us	dishonouring
dishonors	us	dishonours
dishonour	gb	dishonor
dishonourable	gb	dishonorable
dishonourableness	gb	dishonorableness
dishonourablenesses	gb	dishonorablenesses
dishonourabler	gb	dishonorabler
dishonourables	gb	dishonorables
dishonourablest	gb	dishonorablest
dishonourablier	gb	dishonorablier
dishonourablies	gb	dishonorablies
dishonourabliest	gb	dishonorabliest
dishonourably	gb	dishonorably
dishonoured	gb	dishonored
dishonouring	gb	dishonoring
dishonours	gb	dishonors
disillusionise	ise	disillusionize
disillusionised	ise	disillusionized
disillusionises	ise	disillusionizes
disillusionising	ise	disillusionizing
disindividualise	ise	disindividualize
disindividualised	ise	disindividualized
disindividualises	ise	disindividualizes
disindividualising	ise	disindividualizing
disindustrialisation	ise	disindustrialization
disindustrialisations	ise	disindustrializations
disindustrialise	ise	disindustrialize
disindustrialised	ise	disindustrialized
disindustrialises	ise	disindustrializes
disindustrialising	ise	disindustrializing
disnaturalise	ise	disnaturalize
disnaturalised	ise	disnaturalized
disnaturalises	ise	disnaturalizes
disnaturalising	ise	disnaturalizing
disorganisation	ise	disorganization
disorganisations	ise	disorganizations
disorganise	ise	disorganize
disorganised	ise	disorganized
disorganises	ise	disorganizes
disorganising	ise	disorganizing
dispauperise	ise	dispauperize
dispauperised	ise	dispauperized
dispauperises	ise	dispauperizes
dispauperising	ise	dispauperizing
disseise	ise	disseize
disseised	ise	disseized
disseises	ise	disseizes
disseising	ise	disseizing
dissocialise	ise	dissocialize
dissocialised	ise	dissocialized
dissocialises	ise	dissocializes
dissocialising	ise	dissocializing
distil	gb	distill
distill	us	distil
distills	us	distils
distils	gb	distills
divinise	ise	divinize
divinised	ise	divinized
divinises	ise	divinizes
divinising	ise	divinizing
divisionalisation	ise	divisionalization
divisionalisations	ise	divisionalizations
dockisation	ise	dockization
dockisations	ise	dockizations
dockise	ise	dockize
dockised	ise	dockized
dockises	ise	dockizes
dockising	ise	dockizing
documentarisation	ise	documentarization
documentarisations	ise	documentarizations
documentarise	ise	documentarize
documentarised	ise	documentarized
documentarises	ise	documentarizes
documentarising	ise	documentarizing
dogmatisation	ise	dogmatization
dogmatisations	ise	dogmatizations
dogmatise	ise	dogmatize
dogmatised	ise	dogmatized
dogmatises	ise	dogmatizes
dogmatising	ise	dogmatizing
dollarisation	ise	dollarization
dollarisations	ise	dollarizations
dolomitisation	ise	dolomitization
dolomitisations	ise	dolomitizations
dolomitise	ise	dolomitize
dolomitised	ise	dolomitized
dolomitises	ise	dolomitizes
dolomitising	ise	dolomitizing
dolor	us	dolour
dolors	us	dolours
dolour	gb	dolor
dolours	gb	dolors
domesticise	ise	domesticize
domesticised	ise	domesticized
domesticises	ise	domesticizes
domesticising	ise	domesticizing
dorise	ise	dorize
dorised	ise	dorized
dorises	ise	dorizes
dorising	ise	dorizing
downdraft	us	downdraught
downdraught	gb	downdraft
draftier	us	draughtier
draftiest	us	draughtiest
draftilier	us	draughtilier
draftiliest	us	draughtiliest
draftily	us	draughtily
draftiness	us	draughtiness
draftinesses	us	draughtinesses
draftsman	us	draughtsman
draftsmanship	us	draughtsmanship
draftsmanships	us	draughtsmanships
draftsmen	us	draughtsmen
draftswoman	us	draughtswoman
draftswomen	us	draughtswomen
drafty	us	draughty
dragonise	ise	dragonize
dragonised	ise	dragonized
dragonises	ise	dragonizes
dragonising	ise	dragonizing
dramatisation	ise	dramatization
dramatisations	ise	dramatizations
dramatise	ise	dramatize
dramatised	ise	dramatized
dramatises	ise	dramatizes
dramatising	ise	dramatizing
draughtier	gb	draftier
draughtiest	gb	draftiest
draughtilier	gb	draftilier
draughtiliest	gb	draftiliest
draughtily	gb	draftily
draughtiness	gb	draftiness
draughtinesses	gb	draftinesses
draughtsmanship	gb	draftsmanship
draughtsmanships	gb	draftsmanships
draughtswoman	gb	draftswoman
draughtswomen	gb	draftswomen
draughty	gb	drafty
dreamt	gb	dreamed
driveled	us	drivelled
driveler	us	driveller
drivelers	us	drivellers
driveling	us	drivelling
drivelled	gb	driveled
driveller	gb	driveler
drivellers	gb	drivelers
drivelling	gb	driveling
dualise	ise	dualize
dualises	ise	dualizes
dueled	us	duelled
dueler	us	dueller
duelers	us	duellers
dueling	us	duelling
duelings	us	duellings
duelist	us	duellist
duelists	us	duellists
duelled	gb	dueled
dueller	gb	dueler
duellers	gb	duelers
duelling	gb	dueling
duellings	gb	duelings
duellist	gb	duelist
duellists	gb	duelists
dyked	gb	diked
dyking	gb	diking
dynamise	ise	dynamize
dynamised	ise	dynamized
dynamises	ise	dynamizes
dynamising	ise	dynamizing
dysmenorrhea	us	dysmenorrhoea
dysmenorrheal	us	dysmenorrhoeal
dysmenorrheas	us	dysmenorrhoeas
dysmenorrhoea	gb	dysmenorrhea
dysmenorrhoeal	gb	dysmenorrheal
dysmenorrhoeas	gb	dysmenorrheas
dyspnea	us	dyspnoea
dyspneal	us	dyspnoeal
dyspneas	us	dyspnoeas
dyspnoea	gb	dyspnea
dyspnoeal	gb	dyspneal
dyspnoeas	gb	dyspneas
earlierise	ise	earlierize
earlierised	ise	earlierized
earlierises	ise	earlierizes
earlierising	ise	earlierizing
easternise	ise	easternize
ebionise	ise	ebionize
ebionised	ise	ebionized
ebionises	ise	ebionizes
ebionising	ise	ebionizing
ebonise	ise	ebonize
ebonised	ise	ebonized
ebonises	ise	ebonizes
ebonising	ise	ebonizing
echoise	ise	echoize
echoised	ise	echoized
echoises	ise	echoizes
echoising	ise	echoizing
economisation	ise	economization
economisations	ise	economizations
economise	ise	economize
economised	ise	economized
economiser	ise	economizer
economisers	ise	economizers
economises	ise	economizes
economising	ise	economizing
ecstasise	ise	ecstasize
ecstasised	ise	ecstasized
ecstasises	ise	ecstasizes
ecstasising	ise	ecstasizing
edema	us	oedema
edemas	us	oedemas
edematose	us	oedematose
edematous	us	oedematous
editorialisation	ise	editorialization
editorialisations	ise	editorializations
editorialise	ise	editorialize
editorialised	ise	editorialized
editorialises	ise	editorializes
editorialising	ise	editorializing
effeminise	ise	effeminize
effeminised	ise	effeminized
effeminises	ise	effeminizes
effeminising	ise	effeminizing
egotise	ise	egotize
egotised	ise	egotized
egotises	ise	egotizes
egotising	ise	egotizing
elasticise	ise	elasticize
elasticised	ise	elasticized
elasticises	ise	elasticizes
elasticising	ise	elasticizing
electrisation	ise	electrization
electrisations	ise	electrizations
electrise	ise	electrize
electrised	ise	electrized
electrises	ise	electrizes
electrising	ise	electrizing
elegise	ise	elegize
elegised	ise	elegized
elegises	ise	elegizes
elegising	ise	elegizing
emblematise	ise	emblematize
emblematised	ise	emblematized
emblematises	ise	emblematizes
emblematising	ise	emblematizing
emblemise	ise	emblemize
emblemised	ise	emblemized
emblemises	ise	emblemizes
emblemising	ise	emblemizing
embolisation	ise	embolization
emotionalisation	ise	emotionalization
emotionalisations	ise	emotionalizations
emotionalise	ise	emotionalize
emotionalised	ise	emotionalized
emotionalises	ise	emotionalizes
emotionalising	ise	emotionalizing
empaneled	us	impanelled
empaneling	us	impanelling
empanelled	gb	impaneled
empanelling	gb	impaneling
empathise	ise	empathize
empathised	ise	empathized
empathises	ise	empathizes
empathising	ise	empathizing
emperise	ise	emperize
emperised	ise	emperized
emperises	ise	emperizes
emperising	ise	emperizing
emphasise	ise	emphasize
emphasised	ise	emphasized
emphasises	ise	emphasizes
emphasising	ise	emphasizing
empyreumatise	ise	empyreumatize
empyreumatised	ise	empyreumatized
empyreumatises	ise	empyreumatizes
empyreumatising	ise	empyreumatizing
emulsionise	ise	emulsionize
emulsionised	ise	emulsionized
emulsionises	ise	emulsionizes
emulsionising	ise	emulsionizing
enameled	us	enamelled
enameler	us	enameller
enamelers	us	enamellers
enameling	us	enamelling
enamelings	us	enamellings
enamelled	gb	enameled
enameller	gb	enameler
enamellers	gb	enamelers
enamelling	gb	enameling
enamellings	gb	enamelings
enamor	us	enamour
enamored	us	enamoured
enamoreds	us	enamoureds
enamoring	us	enamouring
enamors	us	enamours
enamour	gb	enamor
enamoured	gb	enamored
enamoureds	gb	enamoreds
enamouring	gb	enamoring
enamours	gb	enamors
encarnalise	ise	encarnalize
encarnalised	ise	encarnalized
encarnalises	ise	encarnalizes
encarnalising	ise	encarnalizing
endeavor	us	endeavour
endeavored	us	endeavoured
endeavoring	us	endeavouring
endeavors	us	endeavours
endeavour	gb	endeavor
endeavoured	gb	endeavored
endeavouring	gb	endeavoring
endeavours	gb	endeavors
energisation	ise	energization
energise	ise	energize
energised	ise	energized
energises	ise	energizes
energising	ise	energizing
enhypostatise	ise	enhypostatize
enhypostatised	ise	enhypostatized
enhypostatises	ise	enhypostatizes
enhypostatising	ise	enhypostatizing
enigmatise	ise	enigmatize
enigmatised	ise	enigmatized
enigmatises	ise	enigmatizes
enigmatising	ise	enigmatizing
enological	us	oenological
enologist	us	oenologist
enologists	us	oenologists
enquire	gb	inquire
enquired	gb	inquired
enquires	gb	inquires
enquiries	gb	inquiries
enquiring	gb	inquiring
enquiry	gb	inquiry
enrol	gb	enroll
enroll	us	enrol
enrollment	us	enrolment
enrollments	us	enrolments
enrolls	us	enrols
enrolment	gb	enrollment
enrolments	gb	enrollments
enrols	gb	enrolls
enthral	gb	enthrall
enthrall	us	enthral
enthrallment	us	enthralment
enthrallments	us	enthralments
enthralls	us	enthrals
enthralment	gb	enthrallment
enthralments	gb	enthrallments
enthrals	gb	enthralls
enthronisation	ise	enthronization
enthronisations	ise	enthronizations
enthronise	ise	enthronize
enthronised	ise	enthronized
enthronises	ise	enthronizes
enthronising	ise	enthronizing
entomologise	ise	entomologize
entomologised	ise	entomologized
entomologises	ise	entomologizes
entomologising	ise	entomologizing
envenomisation	ise	envenomization
epaulet	us	epaulette
epaulets	us	epaulettes
epaulette	gb	epaulet
epaulettes	gb	epaulets
epicenter	us	epicentre
epicenters	us	epicentres
epicentre	gb	epicenter
epicentres	gb	epicenters
epicurise	ise	epicurize
epicurised	ise	epicurized
epicurises	ise	epicurizes
epicurising	ise	epicurizing
epidotisation	ise	epidotization
epidotisations	ise	epidotizations
epidotised	ise	epidotized
epigrammatise	ise	epigrammatize
epigrammatised	ise	epigrammatized
epigrammatises	ise	epigrammatizes
epigrammatising	ise	epigrammatizing
epilogise	ise	epilogize
epilogised	ise	epilogized
epilogises	ise	epilogizes
epilogising	ise	epilogizing
epiloguise	ise	epiloguize
epiloguised	ise	epiloguized
epiloguises	ise	epiloguizes
epiloguising	ise	epiloguizing
episcopise	ise	episcopize
episcopised	ise	episcopized
episcopises	ise	episcopizes
episcopising	ise	episcopizing
epistolise	ise	epistolize
epistolised	ise	epistolized
epistolises	ise	epistolizes
epistolising	ise	epistolizing
epitomisation	ise	epitomization
epitomisations	ise	epitomizations
epitomise	ise	epitomize
epitomised	ise	epitomized
epitomises	ise	epitomizes
epitomising	ise	epitomizing
equaled	us	equalled
equaling	us	equalling
equalisation	ise	equalization
equalisations	ise	equalizations
equalise	ise	equalize
equalised	ise	equalized
equaliser	ise	equalizer
equalisers	ise	equalizers
equalises	ise	equalizes
equalising	ise	equalizing
equalisings	ise	equalizings
equalled	gb	equaled
equalling	gb	equaling
ergotise	ise	ergotize
ergotised	ise	ergotized
ergotises	ise	ergotizes
ergotising	ise	ergotizing
eroticisation	ise	eroticization
eroticise	ise	eroticize
eroticised	ise	eroticized
eroticises	ise	eroticizes
eroticising	ise	eroticizing
erythraemia	gb	erythremia
erythremia	us	erythraemia
esophagi	us	oesophagi
esophagitis	us	oesophagitis
esophagus	us	oesophagus
esophaguses	us	oesophagi
essentialise	ise	essentialize
essentialises	ise	essentializes
esthetic	us	aesthetic
esthetician	us	aesthetician
estheticians	us	aestheticians
esthetics	us	aesthetics
estival	us	aestival
estivate	us	aestivate
estivated	us	aestivated
estivates	us	aestivates
estivating	us	aestivating
estivation	us	aestivation
estivations	us	aestivations
estral	us	oestral
estrin	us	oestrin
estrins	us	oestrins
estrogen	us	oestrogen
estrogenic	us	oestrogenic
estrogens	us	oestrogens
estrous	us	oestrous
estrual	us	oestrual
estrum	us	oestrum
estrums	us	oestrums
estrus	us	oestrus
estruses	us	oestruses
eternalisation	ise	eternalization
eternalisations	ise	eternalizations
eternalise	ise	eternalize
eternalised	ise	eternalized
eternalises	ise	eternalizes
eternalising	ise	eternalizing
eternisation	ise	eternization
eternisations	ise	eternizations
eternise	ise	eternize
eternised	ise	eternized
eternises	ise	eternizes
eternising	ise	eternizing
etherealisation	ise	etherealization
etherealisations	ise	etherealizations
etherealise	ise	etherealize
etherealised	ise	etherealized
etherealises	ise	etherealizes
etherealising	ise	etherealizing
etherisation	ise	etherization
etherisations	ise	etherizations
etherise	ise	etherize
etherised	ise	etherized
etherises	ise	etherizes
etherising	ise	etherizing
ethicise	ise	ethicize
ethicised	ise	ethicized
ethicises	ise	ethicizes
ethicising	ise	ethicizing
etiologically	us	aetiologically
etiologist	us	aetiologist
etiology	us	aetiology
etymologise	ise	etymologize
etymologised	ise	etymologized
etymologises	ise	etymologizes
etymologising	ise	etymologizing
euhemerise	ise	euhemerize
euhemerised	ise	euhemerized
euhemerises	ise	euhemerizes
euhemerising	ise	euhemerizing
eulogise	ise	eulogize
eulogised	ise	eulogized
eulogises	ise	eulogizes
eulogising	ise	eulogizing
eunuchise	ise	eunuchize
eunuchised	ise	eunuchized
eunuchises	ise	eunuchizes
eunuchising	ise	eunuchizing
euphemise	ise	euphemize
euphemised	ise	euphemized
euphemises	ise	euphemizes
euphemising	ise	euphemizing
euphonise	ise	euphonize
euphonised	ise	euphonized
euphonises	ise	euphonizes
euphonising	ise	euphonizing
euphuise	ise	euphuize
euphuised	ise	euphuized
euphuises	ise	euphuizes
euphuising	ise	euphuizing
eupnea	us	eupnoea
eupneas	us	eupnoeas
eupnoea	gb	eupnea
eupnoeas	gb	eupneas
europeanise	ise	europeanize
europeanised	ise	europeanized
europeanises	ise	europeanizes
europeanising	ise	europeanizing
evangelisation	ise	evangelization
evangelisations	ise	evangelizations
evangelise	ise	evangelize
evangelised	ise	evangelized
evangeliser	ise	evangelizer
evangelisers	ise	evangelizers
evangelises	ise	evangelizes
evangelising	ise	evangelizing
eventualise	ise	eventualize
eventualised	ise	eventualized
eventualises	ise	eventualizes
eventualising	ise	eventualizing
eviler	us	eviller
evilest	us	evillest
eviller	gb	eviler
evillest	gb	evilest
excursionise	ise	excursionize
excursionised	ise	excursionized
excursionises	ise	excursionizes
excursionising	ise	excursionizing
exorcize	gb	exorcise
exorcized	gb	exorcised
exorcizes	gb	exorcises
exorcizing	gb	exorcising
experimentalise	ise	experimentalize
experimentalised	ise	experimentalized
experimentalises	ise	experimentalizes
experimentalising	ise	experimentalizing
expertised	ise	expertized
expertising	ise	expertizing
extemporisation	ise	extemporization
extemporisations	ise	extemporizations
extemporise	ise	extemporize
extemporised	ise	extemporized
extemporises	ise	extemporizes
extemporising	ise	extemporizing
exteriorisation	ise	exteriorization
exteriorisations	ise	exteriorizations
exteriorise	ise	exteriorize
exteriorised	ise	exteriorized
exteriorises	ise	exteriorizes
exteriorising	ise	exteriorizing
externalisation	ise	externalization
externalisations	ise	externalizations
externalise	ise	externalize
externalised	ise	externalized
externalises	ise	externalizes
externalising	ise	externalizing
eyrie	gb	aerie
fabulise	ise	fabulize
fabulised	ise	fabulized
fabulises	ise	fabulizes
fabulising	ise	fabulizing
factorisation	ise	factorization
factorisations	ise	factorizations
factorise	ise	factorize
factorised	ise	factorized
factorises	ise	factorizes
factorising	ise	factorizing
faecal	gb	fecal
faeces	gb	feces
fagot	us	faggot
fagoted	us	faggoted
fagoting	us	faggoting
fagots	us	faggots
familiarisation	ise	familiarization
familiarisations	ise	familiarizations
familiarise	ise	familiarize
familiarised	ise	familiarized
familiarises	ise	familiarizes
familiarising	ise	familiarizing
fanaticise	ise	fanaticize
fanaticised	ise	fanaticized
fanaticises	ise	fanaticizes
fanaticising	ise	fanaticizing
fantasise	ise	fantasize
fantasised	ise	fantasized
fantasises	ise	fantasizes
fantasising	ise	fantasizing
faradisation	ise	faradization
faradisations	ise	faradizations
faradise	ise	faradize
faradised	ise	faradized
faradises	ise	faradizes
faradising	ise	faradizing
favor	us	favour
favorable	us	favourable
favorableness	us	favourableness
favorablenesses	us	favourablenesses
favorabler	us	favourabler
favorables	us	favourables
favorablest	us	favourablest
favorablier	us	favourablier
favorabliest	us	favourabliest
favorably	us	favourably
favored	us	favoured
favoreds	us	favoureds
favoring	us	favouring
favorings	us	favourings
favorite	us	favourite
favoriter	us	favouriter
favorites	us	favourites
favoritest	us	favouritest
favoritism	us	favouritism
favoritisms	us	favouritisms
favors	us	favours
favour	gb	favor
favourable	gb	favorable
favourableness	gb	favorableness
favourablenesses	gb	favorablenesses
favourabler	gb	favorabler
favourables	gb	favorables
favourablest	gb	favorablest
favourablier	gb	favorablier
favourabliest	gb	favorabliest
favourably	gb	favorably
favoured	gb	favored
favoureds	gb	favoreds
favouring	gb	favoring
favourings	gb	favorings
favourite	gb	favorite
favouriter	gb	favoriter
favourites	gb	favorites
favouritest	gb	favoritest
favouritism	gb	favoritism
favouritisms	gb	favoritisms
favours	gb	favors
fecal	us	faecal
feces	us	faeces
federalisation	ise	federalization
federalisations	ise	federalizations
federalise	ise	federalize
federalised	ise	federalized
federalises	ise	federalizes
federalising	ise	federalizing
feminisation	ise	feminization
feminisations	ise	feminizations
feminise	ise	feminize
feminised	ise	feminized
feminises	ise	feminizes
feminising	ise	feminizing
feralised	ise	feralized
fertilisable	ise	fertilizable
fertilisabler	ise	fertilizabler
fertilisables	ise	fertilizables
fertilisablest	ise	fertilizablest
fertilisation	ise	fertilization
fertilisations	ise	fertilizations
fertilise	ise	fertilize
fertilised	ise	fertilized
fertiliser	ise	fertilizer
fertilisers	ise	fertilizers
fertilises	ise	fertilizes
fertilising	ise	fertilizing
fervor	us	fervour
fervors	us	fervours
fervour	gb	fervor
fervours	gb	fervors
fetichise	ise	fetichize
fetichised	ise	fetichized
fetichises	ise	fetichizes
fetichising	ise	fetichizing
fetishise	ise	fetishize
fetishised	ise	fetishized
fetishises	ise	fetishizes
fetishising	ise	fetishizing
feudalisation	ise	feudalization
feudalisations	ise	feudalizations
feudalise	ise	feudalize
feudalised	ise	feudalized
feudalises	ise	feudalizes
feudalising	ise	feudalizing
fiber	us	fibre
fiberboard	us	fibreboard
fiberboards	us	fibreboards
fiberfill	us	fibrefill
fiberfills	us	fibrefills
fiberglass	us	fibreglass
fiberglasses	us	fibreglasses
fiberless	us	fibreless
fiberlesser	us	fibrelesser
fiberlessest	us	fibrelessest
fibers	us	fibres
fibre	gb	fiber
fibreboard	gb	fiberboard
fibreboards	gb	fiberboards
fibrefill	gb	fiberfill
fibrefills	gb	fiberfills
fibreglass	gb	fiberglass
fibreglasses	gb	fiberglasses
fibreless	gb	fiberless
fibrelesser	gb	fiberlesser
fibrelessest	gb	fiberlessest
fibres	gb	fibers
fictionalisation	ise	fictionalization
fictionalisations	ise	fictionalizations
fictionalise	ise	fictionalize
fictionalised	ise	fictionalized
fictionalises	ise	fictionalizes
fictionalising	ise	fictionalizing
fictionisation	ise	fictionization
fictionisations	ise	fictionizations
fictionise	ise	fictionize
fictionised	ise	fictionized
fictionises	ise	fictionizes
fictionising	ise	fictionizing
finalisation	ise	finalization
finalisations	ise	finalizations
finalise	ise	finalize
finalised	ise	finalized
finalises	ise	finalizes
finalising	ise	finalizing
flanneled	us	flannelled
flanneling	us	flannelling
flannelled	gb	flanneled
flannelling	gb	flanneling
flautist	gb	flutist
flautists	gb	flutists
flavor	us	flavour
flavored	us	flavoured
flavorful	us	flavourful
flavorfuler	us	flavourfuler
flavorfulest	us	flavourfulest
flavoring	us	flavouring
flavorings	us	flavourings
flavorless	us	flavourless
flavorlesser	us	flavourlesser
flavorlessest	us	flavourlessest
flavors	us	flavours
flavorsome	us	flavoursome
flavorsomer	us	flavoursomer
flavorsomest	us	flavoursomest
flavour	gb	flavor
flavoured	gb	flavored
flavourful	gb	flavorful
flavourfuler	gb	flavorfuler
flavourfulest	gb	flavorfulest
flavouring	gb	flavoring
flavourings	gb	flavorings
flavourless	gb	flavorless
flavourlesser	gb	flavorlesser
flavourlessest	gb	flavorlessest
flavours	gb	flavors
flavoursome	gb	flavorsome
flavoursomer	gb	flavorsomer
flavoursomest	gb	flavorsomest
fluidisation	ise	fluidization
fluidisations	ise	fluidizations
fluidise	ise	fluidize
fluidised	ise	fluidized
fluidises	ise	fluidizes
fluidising	ise	fluidizing
fluoridise	ise	fluoridize
fluoridised	ise	fluoridized
fluoridises	ise	fluoridizes
fluoridising	ise	fluoridizing
flutist	us	flautist
flutists	us	flautists
focalisation	ise	focalization
focalisations	ise	focalizations
focalise	ise	focalize
focalised	ise	focalized
focalises	ise	focalizes
focalising	ise	focalizing
foetal	gb	fetal
foetid	gb	fetid
foetider	gb	fetider
foetidest	gb	fetidest
foetus	gb	fetus
foetuses	gb	fetuses
fogey	gb	fogy
fogeys	gb	fogies
fontanel	us	fontanelle
fontanels	us	fontanelles
formalisation	ise	formalization
formalisations	ise	formalizations
formalise	ise	formalize
formalised	ise	formalized
formalises	ise	formalizes
formalising	ise	formalizing
formularisation	ise	formularization
formularisations	ise	formularizations
formularise	ise	formularize
formularised	ise	formularized
formularises	ise	formularizes
formularising	ise	formularizing
formulisation	ise	formulization
formulisations	ise	formulizations
formulise	ise	formulize
formulised	ise	formulized
formulises	ise	formulizes
formulising	ise	formulizing
fossilisation	ise	fossilization
fossilisations	ise	fossilizations
fossilise	ise	fossilize
fossilised	ise	fossilized
fossilises	ise	fossilizes
fossilising	ise	fossilizing
fractionalisation	ise	fractionalization
fractionalisations	ise	fractionalizations
fractionalise	ise	fractionalize
fractionalised	ise	fractionalized
fractionalises	ise	fractionalizes
fractionalising	ise	fractionalizing
fractionisation	ise	fractionization
fractionisations	ise	fractionizations
fractionise	ise	fractionize
fractionised	ise	fractionized
fractionises	ise	fractionizes
fractionising	ise	fractionizing
fragmentisation	ise	fragmentization
fragmentise	ise	fragmentize
fragmentised	ise	fragmentized
fragmentises	ise	fragmentizes
fragmentising	ise	fragmentizing
fraternisation	ise	fraternization
fraternisations	ise	fraternizations
fraternise	ise	fraternize
fraternised	ise	fraternized
fraternises	ise	fraternizes
fraternising	ise	fraternizing
fueled	us	fuelled
fueling	us	fuelling
fuelled	gb	fueled
fuelling	gb	fueling
fulfil	gb	fulfill
fulfill	us	fulfil
fulfillment	us	fulfilment
fulfillments	us	fulfilments
fulfills	us	fulfils
fulfilment	gb	fulfillment
fulfilments	gb	fulfillments
fulfils	gb	fulfills
funneled	us	funnelled
funneling	us	funnelling
funnelled	gb	funneled
funnelling	gb	funneling
furor	us	furore
furore	gb	furor
furores	gb	furors
furors	us	furores
fustianise	ise	fustianize
fustianised	ise	fustianized
fustianises	ise	fustianizes
fustianising	ise	fustianizing
gaelicise	ise	gaelicize
gaelicised	ise	gaelicized
gaelicises	ise	gaelicizes
gaelicising	ise	gaelicizing
galactorrhea	us	galactorrhoea
galactorrheas	us	galactorrhoeas
galactorrhoea	gb	galactorrhea
galactorrhoeas	gb	galactorrheas
galactosaemia	gb	galactosemia
galactosaemias	gb	galactosemias
galactosemia	us	galactosaemia
galactosemias	us	galactosaemias
galliardise	ise	galliardize
gallicise	ise	gallicize
gallicised	ise	gallicized
gallicises	ise	gallicizes
gallicising	ise	gallicizing
gallise	ise	gallize
gallised	ise	gallized
gallises	ise	gallizes
gallising	ise	gallizing
gallisise	ise	gallisize
gallisised	ise	gallisized
gallisises	ise	gallisizes
gallisising	ise	gallisizing
galvanisation	ise	galvanization
galvanisations	ise	galvanizations
galvanise	ise	galvanize
galvanised	ise	galvanized
galvaniser	ise	galvanizer
galvanisers	ise	galvanizers
galvanises	ise	galvanizes
galvanising	ise	galvanizing
gamboled	us	gambolled
gamboling	us	gambolling
gambolled	gb	gamboled
gambolling	gb	gamboling
gaol	gb	jail
gaoled	gb	jailed
gaoler	gb	jailer
gaolers	gb	jailers
gaoling	gb	jailing
gaols	gb	jails
gargarise	ise	gargarize
gargarised	ise	gargarized
gargarises	ise	gargarizes
gargarising	ise	gargarizing
gelatinisation	ise	gelatinization
gelatinisations	ise	gelatinizations
gelatinise	ise	gelatinize
gelatinised	ise	gelatinized
gelatinises	ise	gelatinizes
gelatinising	ise	gelatinizing
gemologies	us	gemmologies
gemology	us	gemmology
genealogise	ise	genealogize
genealogised	ise	genealogized
genealogises	ise	genealogizes
genealogising	ise	genealogizing
generalisability	ise	generalizability
generalisable	ise	generalizable
generalisabler	ise	generalizabler
generalisables	ise	generalizables
generalisablest	ise	generalizablest
generalisation	ise	generalization
generalisations	ise	generalizations
generalise	ise	generalize
generalised	ise	generalized
generaliser	ise	generalizer
generalisers	ise	generalizers
generalises	ise	generalizes
generalising	ise	generalizing
genialise	ise	genialize
genialised	ise	genialized
genialises	ise	genializes
genialising	ise	genializing
genteelise	ise	genteelize
genteelised	ise	genteelized
genteelises	ise	genteelizes
genteelising	ise	genteelizing
gentilise	ise	gentilize
gentilised	ise	gentilized
gentilises	ise	gentilizes
gentilising	ise	gentilizing
geologise	ise	geologize
geologised	ise	geologized
geologises	ise	geologizes
geologising	ise	geologizing
geometrisation	ise	geometrization
geometrisations	ise	geometrizations
geometrise	ise	geometrize
geometrised	ise	geometrized
geometrises	ise	geometrizes
geometrising	ise	geometrizing
germanisation	ise	germanization
germanisations	ise	germanizations
germanise	ise	germanize
germanised	ise	germanized
germanises	ise	germanizes
germanising	ise	germanizing
ghettoisation	ise	ghettoization
ghettoisations	ise	ghettoizations
ghettoise	ise	ghettoize
ghettoised	ise	ghettoized
ghettoises	ise	ghettoizes
ghettoising	ise	ghettoizing
gigagramme	gb	gigagram
gigagrammes	gb	gigagrams
glamor	us	glamour
glamored	us	glamoured
glamoring	us	glamouring
glamorisation	ise	glamorization
glamorise	ise	glamorize
glamorised	ise	glamorized
glamorises	ise	glamorizes
glamorising	ise	glamorizing
glamors	us	glamours
glamourize	gb	glamorize
glamourized	gb	glamorized
glamourizes	gb	glamorizes
glamourizing	gb	glamorizing
glauconitisation	ise	glauconitization
glauconitisations	ise	glauconitizations
globalisation	ise	globalization
globalisations	ise	globalizations
globalise	ise	globalize
globalised	ise	globalized
globalises	ise	globalizes
globalising	ise	globalizing
gluttonise	ise	gluttonize
gluttonised	ise	gluttonized
gluttonises	ise	gluttonizes
gluttonising	ise	gluttonizing
glycerin	us	glycerine
glycerins	us	glycerines
gnosticise	ise	gnosticize
gnosticises	ise	gnosticizes
gobbledegook	gb	gobbledygook
gobbledegooks	gb	gobbledygooks
goiter	us	goitre
goiters	us	goitres
goitre	gb	goiter
goitres	gb	goiters
goliathise	ise	goliathize
goliathised	ise	goliathized
goliathises	ise	goliathizes
goliathising	ise	goliathizing
gonorrhea	us	gonorrhoea
gonorrheal	us	gonorrhoeal
gonorrhealer	us	gonorrhoealer
gonorrhealest	us	gonorrhoealest
gonorrheas	us	gonorrhoeas
gonorrhoea	gb	gonorrhea
gonorrhoeal	gb	gonorrheal
gonorrhoealer	gb	gonorrhealer
gonorrhoealest	gb	gonorrhealest
gonorrhoeas	gb	gonorrheas
goodby	us	goodbye
goodbys	us	goodbyes
gorgonise	ise	gorgonize
gorgonised	ise	gorgonized
gorgonises	ise	gorgonizes
gorgonising	ise	gorgonizing
gormandise	ise	gormandize
gormandised	ise	gormandized
gormandises	ise	gormandizes
gormandising	ise	gormandizing
gospelise	ise	gospelize
gospelised	ise	gospelized
gospelises	ise	gospelizes
gospelising	ise	gospelizing
gospellise	ise	gospellize
gospellised	ise	gospellized
gospellises	ise	gospellizes
gospellising	ise	gospellizing
gothicise	ise	gothicize
gothicised	ise	gothicized
gothicises	ise	gothicizes
gothicising	ise	gothicizing
gourmandise	ise	gourmandize
gourmandised	ise	gourmandized
gourmandises	ise	gourmandizes
gourmandising	ise	gourmandizing
governmentalise	ise	governmentalize
governmentalised	ise	governmentalized
governmentalises	ise	governmentalizes
governmentalising	ise	governmentalizing
graecism	gb	grecism
grammaticise	ise	grammaticize
grammaticised	ise	grammaticized
grammaticises	ise	grammaticizes
grammaticising	ise	grammaticizing
gramme	gb	gram
grammes	gb	grams
grangerisation	ise	grangerization
grangerisations	ise	grangerizations
grangerise	ise	grangerize
grangerised	ise	grangerized
grangerises	ise	grangerizes
grangerising	ise	grangerizing
granitisation	ise	granitization
granitisations	ise	granitizations
granitise	ise	granitize
granitised	ise	granitized
granitises	ise	granitizes
granitising	ise	granitizing
granulitisation	ise	granulitization
granulitisations	ise	granulitizations
graphitisation	ise	graphitization
graphitisations	ise	graphitizations
graphitise	ise	graphitize
graphitised	ise	graphitized
graphitises	ise	graphitizes
graphitising	ise	graphitizing
graveled	us	gravelled
graveling	us	gravelling
gravelled	gb	graveled
gravelling	gb	graveling
grayed	us	greyed
grayer	us	greyer
grayest	us	greyest
graying	us	greying
grayish	us	greyish
grayness	us	greyness
greisenisation	ise	greisenization
greisenisations	ise	greisenizations
greisenise	ise	greisenize
greisenised	ise	greisenized
greisenises	ise	greisenizes
greisenising	ise	greisenizing
grey	gb	gray
greyed	gb	grayed
greyer	gb	grayer
greyest	gb	grayest
greying	gb	graying
greyish	gb	grayish
greyness	gb	grayness
greys	gb	grays
groined	us	groyned
groining	us	groyning
groveled	us	grovelled
groveler	us	groveller
grovelers	us	grovellers
groveling	us	grovelling
grovelinglier	us	grovellinglier
grovelingliest	us	grovellingliest
grovelingly	us	grovellingly
grovelled	gb	groveled
groveller	gb	groveler
grovellers	gb	grovelers
grovelling	gb	groveling
grovellinglier	gb	grovelinglier
grovellingliest	gb	grovelingliest
grovellingly	gb	grovelingly
groyne	gb	groin
groyned	gb	groined
groynes	gb	groins
groyning	gb	groining
grueled	us	gruelled
grueling	us	gruelling
gruelingly	us	gruellingly
gruelings	us	gruellings
gruelled	gb	grueled
gruelling	gb	grueling
gruellingly	gb	gruelingly
gruellings	gb	gruelings
gutturalisation	ise	gutturalization
gutturalisations	ise	gutturalizations
gutturalise	ise	gutturalize
gutturalised	ise	gutturalized
gutturalises	ise	gutturalizes
gutturalising	ise	gutturalizing
gybe	gb	jibe
gybed	gb	jibed
gybes	gb	jibes
gybing	gb	jibing
gynaecic	gb	gynecic
gynaecocracies	gb	gynecocracies
gynaecocracy	gb	gynecocracy
gynaecocratic	gb	gynecocratic
gynaecocraticer	gb	gynecocraticer
gynaecocraticest	gb	gynecocraticest
gynaecoid	gb	gynecoid
gynaecologic	gb	gynecologic
gynaecological	gb	gynecological
gynaecologicaler	gb	gynecologicaler
gynaecologicalest	gb	gynecologicalest
gynaecologicals	gb	gynecologicals
gynaecologicer	gb	gynecologicer
gynaecologicest	gb	gynecologicest
gynaecologics	gb	gynecologics
gynaecologies	gb	gynecologies
gynaecologist	gb	gynecologist
gynaecologists	gb	gynecologists
gynaecology	gb	gynecology
gynaecomastia	gb	gynecomastia
gynaecomastias	gb	gynecomastias
gynecic	us	gynaecic
gynecocracies	us	gynaecocracies
gynecocracy	us	gynaecocracy
gynecocratic	us	gynaecocratic
gynecocraticer	us	gynaecocraticer
gynecocraticest	us	gynaecocraticest
gynecoid	us	gynaecoid
gynecologic	us	gynaecologic
gynecological	us	gynaecological
gynecologicaler	us	gynaecologicaler
gynecologicalest	us	gynaecologicalest
gynecologicals	us	gynaecologicals
gynecologicer	us	gynaecologicer
gynecologicest	us	gynaecologicest
gynecologics	us	gynaecologics
gynecologies	us	gynaecologies
gynecologist	us	gynaecologist
gynecologists	us	gynaecologists
gynecology	us	gynaecology
gynecomastia	us	gynaecomastia
gynecomastias	us	gynaecomastias
gyrostabilisation	ise	gyrostabilization
gyrostabilisations	ise	gyrostabilizations
haemachrome	gb	hemachrome
haemacytometer	gb	hemacytometer
haemagglutinate	gb	hemagglutinate
haemagglutinated	gb	hemagglutinated
haemagglutinating	gb	hemagglutinating
haemagglutination	gb	hemagglutination
haemagglutinin	gb	hemagglutinin
haemal	gb	hemal
haemangioma	gb	hemangioma
haemangiomas	gb	hemangiomas
haemangiomata	gb	hemangiomata
haematal	gb	hematal
haematein	gb	hematein
haematemesis	gb	hematemesis
haematic	gb	hematic
haematics	gb	hematics
haematin	gb	hematin
haematinic	gb	hematinic
haematinics	gb	hematinics
haematins	gb	hematins
haematite	gb	hematite
haematites	gb	hematites
haematitic	gb	hematitic
haematoblast	gb	hematoblast
haematoblasts	gb	hematoblasts
haematocele	gb	hematocele
haematocrit	gb	hematocrit
haematocrits	gb	hematocrits
haematocryal	gb	hematocryal
haematogeneses	gb	hematogeneses
haematogenesis	gb	hematogenesis
haematogenous	gb	hematogenous
haematoid	gb	hematoid
haematologic	gb	hematologic
haematological	gb	hematological
haematologies	gb	hematologies
haematologist	gb	hematologist
haematologists	gb	hematologists
haematology	gb	hematology
haematolysis	gb	hematolysis
haematoma	gb	hematoma
haematomas	gb	hematomas
haematomata	gb	hematomata
haematopoieses	gb	hematopoieses
haematopoiesis	gb	hematopoiesis
haematopoietic	gb	hematopoietic
haematosis	gb	hematosis
haematothermal	gb	hematothermal
haematoxylin	gb	hematoxylin
haematoxylins	gb	hematoxylins
haematozoa	gb	hematozoa
haematozoal	gb	hematozoal
haematozoic	gb	hematozoic
haematozoon	gb	hematozoon
haematuria	gb	hematuria
haematurias	gb	hematurias
haemic	gb	hemic
haemin	gb	hemin
haemins	gb	hemins
haemochromatoses	gb	hemochromatoses
haemochromatosis	gb	hemochromatosis
haemocoel	gb	hemocoel
haemocoels	gb	hemocoels
haemoconia	gb	hemoconia
haemocyanin	gb	hemocyanin
haemocyanins	gb	hemocyanins
haemocyte	gb	hemocyte
haemocytes	gb	hemocytes
haemocytometer	gb	hemocytometer
haemodialyses	gb	hemodialyses
haemodialysis	gb	hemodialysis
haemodilution	gb	hemodilution
haemodynamic	gb	hemodynamic
haemodynamics	gb	hemodynamics
haemoflagellate	gb	hemoflagellate
haemoglobin	gb	hemoglobin
haemoglobinopathies	gb	hemoglobinopathies
haemoglobinopathy	gb	hemoglobinopathy
haemoglobinous	gb	hemoglobinous
haemoglobinuria	gb	hemoglobinuria
haemoid	gb	hemoid
haemolysin	gb	hemolysin
haemolysis	gb	hemolysis
haemolytic	gb	hemolytic
haemophilia	gb	hemophilia
haemophiliac	gb	hemophiliac
haemophiliacs	gb	hemophiliacs
haemophilic	gb	hemophilic
haemopoiesis	gb	hemopoiesis
haemoptyses	gb	hemoptyses
haemoptysis	gb	hemoptysis
haemorrhage	gb	hemorrhage
haemorrhaged	gb	hemorrhaged
haemorrhages	gb	hemorrhages
haemorrhaging	gb	hemorrhaging
haemorrhoid	gb	hemorrhoid
haemorrhoidal	gb	hemorrhoidal
haemorrhoidectomy	gb	hemorrhoidectomy
haemorrhoids	gb	hemorrhoids
haemostases	gb	hemostases
haemostasia	gb	hemostasia
haemostasis	gb	hemostasis
haemostatic	gb	hemostatic
hansardise	ise	hansardize
hansardised	ise	hansardized
hansardises	ise	hansardizes
hansardising	ise	hansardizing
harbor	us	harbour
harbored	us	harboured
harboring	us	harbouring
harbors	us	harbours
harbour	gb	harbor
harboured	gb	harbored
harbouring	gb	harboring
harbours	gb	harbors
harmonisation	ise	harmonization
harmonisations	ise	harmonizations
harmonise	ise	harmonize
harmonised	ise	harmonized
harmoniser	ise	harmonizer
harmonisers	ise	harmonizers
harmonises	ise	harmonizes
harmonising	ise	harmonizing
haussmannisation	ise	haussmannization
haussmannisations	ise	haussmannizations
haussmannise	ise	haussmannize
haussmannised	ise	haussmannized
haussmannises	ise	haussmannizes
haussmannising	ise	haussmannizing
hazardise	ise	hazardize
hazardises	ise	hazardizes
heathenise	ise	heathenize
heathenised	ise	heathenized
heathenises	ise	heathenizes
heathenising	ise	heathenizing
hebraisation	ise	hebraization
hebraisations	ise	hebraizations
hebraise	ise	hebraize
hebraised	ise	hebraized
hebraises	ise	hebraizes
hebraising	ise	hebraizing
hectogramme	gb	hectogram
hectogrammes	gb	hectograms
hectoliter	us	hectolitre
hectoliters	us	hectolitres
hectolitre	gb	hectoliter
hectolitres	gb	hectoliters
hectometer	us	hectometre
hectometers	us	hectometres
hectometre	gb	hectometer
hectometres	gb	hectometers
hellenise	ise	hellenize
hellenised	ise	hellenized
hellenises	ise	hellenizes
hellenising	ise	hellenizing
hemachrome	us	haemachrome
hemacytometer	us	haemacytometer
hemagglutinate	us	haemagglutinate
hemagglutinated	us	haemagglutinated
hemagglutinating	us	haemagglutinating
hemagglutination	us	haemagglutination
hemagglutinin	us	haemagglutinin
hemal	us	haemal
hemangioma	us	haemangioma
hemangiomas	us	haemangiomas
hemangiomata	us	haemangiomata
hematal	us	haematal
hematein	us	haematein
hematemesis	us	haematemesis
hematic	us	haematic
hematics	us	haematics
hematin	us	haematin
hematinic	us	haematinic
hematinics	us	haematinics
hematins	us	haematins
hematoblast	us	haematoblast
hematoblasts	us	haematoblasts
hematocele	us	haematocele
hematocrit	us	haematocrit
hematocrits	us	haematocrits
hematocryal	us	haematocryal
hematogeneses	us	haematogeneses
hematogenesis	us	haematogenesis
hematogenous	us	haematogenous
hematoid	us	haematoid
hematologic	us	haematologic
hematological	us	haematological
hematologies	us	haematologies
hematologist	us	haematologist
hematologists	us	haematologists
hematology	us	haematology
hematolysis	us	haematolysis
hematoma	us	haematoma
hematomas	us	haematomas
hematomata	us	haematomata
hematopoieses	us	haematopoieses
hematopoiesis	us	haematopoiesis
hematopoietic	us	haematopoietic
hematosis	us	haematosis
hematothermal	us	haematothermal
hematoxylin	us	haematoxylin
hematoxylins	us	haematoxylins
hematozoa	us	haematozoa
hematozoal	us	haematozoal
hematozoic	us	haematozoic
hematozoon	us	haematozoon
hematuria	us	haematuria
hematurias	us	haematurias
hemic	us	haemic
hemin	us	haemin
hemins	us	haemins
hemochromatoses	us	haemochromatoses
hemochromatosis	us	haemochromatosis
hemocoel	us	haemocoel
hemocoels	us	haemocoels
hemoconia	us	haemoconia
hemocyanin	us	haemocyanin
hemocyanins	us	haemocyanins
hemocyte	us	haemocyte
hemocytes	us	haemocytes
hemocytometer	us	haemocytometer
hemodialyses	us	haemodialyses
hemodialysis	us	haemodialysis
hemodilution	us	haemodilution
hemodynamic	us	haemodynamic
hemodynamics	us	haemodynamics
hemoflagellate	us	haemoflagellate
hemoglobin	us	haemoglobin
hemoglobinopathies	us	haemoglobinopathies
hemoglobinopathy	us	haemoglobinopathy
hemoglobinous	us	haemoglobinous
hemoglobinuria	us	haemoglobinuria
hemoid	us	haemoid
hemolysin	us	haemolysin
hemolysis	us	haemolysis
hemolytic	us	haemolytic
hemophilia	us	haemophilia
hemophiliac	us	haemophiliac
hemophiliacs	us	haemophiliacs
hemophilic	us	haemophilic
hemopoiesis	us	haemopoiesis
hemoptyses	us	haemoptyses
hemoptysis	us	haemoptysis
hemorrhage	us	haemorrhage
hemorrhaged	us	haemorrhaged
hemorrhages	us	haemorrhages
hemorrhaging	us	haemorrhaging
hemorrhoid	us	haemorrhoid
hemorrhoidal	us	haemorrhoidal
hemorrhoidectomy	us	haemorrhoidectomy
hemorrhoids	us	haemorrhoids
hemostases	us	haemostases
hemostasia	us	haemostasia
hemostasis	us	haemostasis
hemostatic	us	haemostatic
hepatisation	ise	hepatization
hepatisations	ise	hepatizations
hepatise	ise	hepatize
hepatised	ise	hepatized
hepatises	ise	hepatizes
hepatising	ise	hepatizing
herborisation	ise	herborization
herborisations	ise	herborizations
herborise	ise	herborize
herborised	ise	herborized
herborises	ise	herborizes
herborising	ise	herborizing
heroise	ise	heroize
heroised	ise	heroized
heroises	ise	heroizes
heroising	ise	heroizing
hexametrise	ise	hexametrize
hexametrised	ise	hexametrized
hexametrises	ise	hexametrizes
hexametrising	ise	hexametrizing
hibernicise	ise	hibernicize
hibernicised	ise	hibernicized
hibernicises	ise	hibernicizes
hibernicising	ise	hibernicizing
hibernisation	ise	hibernization
hibernisations	ise	hibernizations
hibernise	ise	hibernize
hibernised	ise	hibernized
hibernises	ise	hibernizes
hibernising	ise	hibernizing
hierarchise	ise	hierarchize
hierarchised	ise	hierarchized
hierarchising	ise	hierarchizing
hispanicise	ise	hispanicize
hispanicised	ise	hispanicized
hispanicises	ise	hispanicizes
hispanicising	ise	hispanicizing
hispaniolise	ise	hispaniolize
hispaniolised	ise	hispaniolized
hispaniolises	ise	hispaniolizes
hispaniolising	ise	hispaniolizing
historicise	ise	historicize
historicised	ise	historicized
historicises	ise	historicizes
historicising	ise	historicizing
hominisation	ise	hominization
hominised	ise	hominized
homoeopath	gb	homeopath
homoeopathic	gb	homeopathic
homoeopathicer	gb	homeopathicer
homoeopathicest	gb	homeopathicest
homoeopathies	gb	homeopathies
homoeopaths	gb	homeopaths
homoeopathy	gb	homeopathy
homoeostatic	gb	homeostatic
homogenisation	ise	homogenization
homogenisations	ise	homogenizations
homogenise	ise	homogenize
homogenised	ise	homogenized
homogeniser	ise	homogenizer
homogenisers	ise	homogenizers
homogenises	ise	homogenizes
homogenising	ise	homogenizing
homologise	ise	homologize
homologised	ise	homologized
homologises	ise	homologizes
homologising	ise	homologizing
honor	us	honour
honorable	us	honourable
honorableness	us	honourableness
honorablenesses	us	honourablenesses
honorabler	us	honourabler
honorables	us	honourables
honorablest	us	honourablest
honorablier	us	honourablier
honorablies	us	honourablies
honorabliest	us	honourabliest
honorably	us	honourably
honored	us	honoured
honoring	us	honouring
honors	us	honours
honour	gb	honor
honourable	gb	honorable
honourableness	gb	honorableness
honourablenesses	gb	honorablenesses
honourabler	gb	honorabler
honourables	gb	honorables
honourablest	gb	honorablest
honourablier	gb	honorablier
honourablies	gb	honorablies
honourabliest	gb	honorabliest
honourably	gb	honorably
honoured	gb	honored
honouring	gb	honoring
honours	gb	honors
hospitalisation	ise	hospitalization
hospitalisations	ise	hospitalizations
hospitalise	ise	hospitalize
hospitalised	ise	hospitalized
hospitalises	ise	hospitalizes
hospitalising	ise	hospitalizing
humanisation	ise	humanization
humanisations	ise	humanizations
humanise	ise	humanize
humanised	ise	humanized
humanises	ise	humanizes
humanising	ise	humanizing
humor	us	humour
humored	us	humoured
humoring	us	humouring
humorless	us	humourless
humorlesser	us	humourlesser
humorlessest	us	humourlessest
humorlessness	us	humourlessness
humorlessnesses	us	humourlessnesses
humors	us	humours
humour	gb	humor
humoured	gb	humored
humouring	gb	humoring
humourless	gb	humorless
humourlesser	gb	humorlesser
humourlessest	gb	humorlessest
humourlessness	gb	humorlessness
humourlessnesses	gb	humorlessnesses
humours	gb	humors
hyalinisation	ise	hyalinization
hyalinisations	ise	hyalinizations
hyalinise	ise	hyalinize
hyalinised	ise	hyalinized
hyalinises	ise	hyalinizes
hyalinising	ise	hyalinizing
hybridisable	ise	hybridizable
hybridisabler	ise	hybridizabler
hybridisables	ise	hybridizables
hybridisablest	ise	hybridizablest
hybridisation	ise	hybridization
hybridisations	ise	hybridizations
hybridise	ise	hybridize
hybridised	ise	hybridized
hybridiser	ise	hybridizer
hybridisers	ise	hybridizers
hybridises	ise	hybridizes
hybridising	ise	hybridizing
hydraemia	gb	hydremia
hydraemias	gb	hydremias
hydremia	us	hydraemia
hydremias	us	hydraemias
hydrogenisation	ise	hydrogenization
hydrogenisations	ise	hydrogenizations
hydrogenise	ise	hydrogenize
hydrogenised	ise	hydrogenized
hydrogenises	ise	hydrogenizes
hydrogenising	ise	hydrogenizing
hydrolyse	gb	hydrolyze
hydrolysed	gb	hydrolyzed
hydrolysing	gb	hydrolyzing
hydrolyze	us	hydrolyse
hydrolyzed	us	hydrolysed
hydrolyzes	us	hydrolyses
hydrolyzing	us	hydrolysing
hyperaemia	gb	hyperemia
hyperaemias	gb	hyperemias
hyperaemic	gb	hyperemic
hyperbolise	ise	hyperbolize
hyperbolised	ise	hyperbolized
hyperbolises	ise	hyperbolizes
hyperbolising	ise	hyperbolizing
hypercalcaemia	gb	hypercalcemia
hypercalcaemias	gb	hypercalcemias
hypercalcemia	us	hypercalcaemia
hypercalcemias	us	hypercalcaemias
hypercholesterolaemia	gb	hypercholesterolemia
hypercholesterolaemias	gb	hypercholesterolemias
hypercholesterolemia	us	hypercholesterolaemia
hypercholesterolemias	us	hypercholesterolaemias
hypercivilised	ise	hypercivilized
hypercriticise	ise	hypercriticize
hypercriticised	ise	hypercriticized
hypercriticises	ise	hypercriticizes
hypercriticising	ise	hypercriticizing
hyperemia	us	hyperaemia
hyperemias	us	hyperaemias
hyperemic	us	hyperaemic
hyperglycaemic	gb	hyperglycemic
hyperglycemic	us	hyperglycaemic
hyperimmunisation	ise	hyperimmunization
hyperimmunisations	ise	hyperimmunizations
hyperimmunise	ise	hyperimmunize
hyperimmunises	ise	hyperimmunizes
hyperlipaemia	gb	hyperlipemia
hyperlipaemic	gb	hyperlipemic
hyperlipemia	us	hyperlipaemia
hyperlipemic	us	hyperlipaemic
hyperlipidaemia	gb	hyperlipidemia
hyperlipidemia	us	hyperlipidaemia
hypernatraemia	gb	hypernatremia
hypernatremia	us	hypernatraemia
hyperpnea	us	hyperpnoea
hyperpnoea	gb	hyperpnea
hypersensitisation	ise	hypersensitization
hypersensitisations	ise	hypersensitizations
hypersensitise	ise	hypersensitize
hypersensitised	ise	hypersensitized
hypersensitises	ise	hypersensitizes
hypersensitising	ise	hypersensitizing
hyphenisation	ise	hyphenization
hyphenisations	ise	hyphenizations
hyphenise	ise	hyphenize
hyphenised	ise	hyphenized
hyphenises	ise	hyphenizes
hyphenising	ise	hyphenizing
hypnoidise	ise	hypnoidize
hypnoidised	ise	hypnoidized
hypnoidises	ise	hypnoidizes
hypnoidising	ise	hypnoidizing
hypnotisable	ise	hypnotizable
hypnotisabler	ise	hypnotizabler
hypnotisables	ise	hypnotizables
hypnotisablest	ise	hypnotizablest
hypnotisation	ise	hypnotization
hypnotisations	ise	hypnotizations
hypnotise	ise	hypnotize
hypnotised	ise	hypnotized
hypnotises	ise	hypnotizes
hypnotising	ise	hypnotizing
hypomagnesaemia	gb	hypomagnesemia
hypomagnesaemias	gb	hypomagnesemias
hypomagnesemia	us	hypomagnesaemia
hypomagnesemias	us	hypomagnesaemias
hypomenorrhea	us	hypomenorrhoea
hypomenorrheas	us	hypomenorrhoeas
hypomenorrhoea	gb	hypomenorrhea
hypomenorrhoeas	gb	hypomenorrheas
hypophysectomise	ise	hypophysectomize
hypophysectomised	ise	hypophysectomized
hypopnea	us	hypopnoea
hypopnoea	gb	hypopnea
hyposensitisation	ise	hyposensitization
hyposensitise	ise	hyposensitize
hypostasise	ise	hypostasize
hypostasised	ise	hypostasized
hypostasises	ise	hypostasizes
hypostasising	ise	hypostasizing
hypostatisation	ise	hypostatization
hypostatisations	ise	hypostatizations
hypostatise	ise	hypostatize
hypostatised	ise	hypostatized
hypostatises	ise	hypostatizes
hypostatising	ise	hypostatizing
hypothesise	ise	hypothesize
hypothesised	ise	hypothesized
hypothesises	ise	hypothesizes
hypothesising	ise	hypothesizing
hypothetise	ise	hypothetize
hypothetised	ise	hypothetized
hypothetises	ise	hypothetizes
hypothetising	ise	hypothetizing
hypoxaemia	gb	hypoxemia
hypoxaemias	gb	hypoxemias
hypoxaemic	gb	hypoxemic
hypoxemia	us	hypoxaemia
hypoxemias	us	hypoxaemias
hypoxemic	us	hypoxaemic
hysterectomise	ise	hysterectomize
hysterectomised	ise	hysterectomized
hysterectomises	ise	hysterectomizes
hysterectomising	ise	hysterectomizing
iconise	ise	iconize
iconised	ise	iconized
iconises	ise	iconizes
iconising	ise	iconizing
idealisation	ise	idealization
idealisations	ise	idealizations
idealise	ise	idealize
idealised	ise	idealized
idealises	ise	idealizes
idealising	ise	idealizing
ideologise	ise	ideologize
ideologised	ise	ideologized
ideologising	ise	ideologizing
idolatrise	ise	idolatrize
idolatrised	ise	idolatrized
idolatrises	ise	idolatrizes
idolatrising	ise	idolatrizing
idolisation	ise	idolization
idolisations	ise	idolizations
idolise	ise	idolize
idolised	ise	idolized
idoliser	ise	idolizer
idolisers	ise	idolizers
idolises	ise	idolizes
idolising	ise	idolizing
illegalisation	ise	illegalization
illegalisations	ise	illegalizations
illegalise	ise	illegalize
illegalised	ise	illegalized
illegalises	ise	illegalizes
illegalising	ise	illegalizing
illiberalise	ise	illiberalize
illiberalised	ise	illiberalized
illiberalises	ise	illiberalizes
illiberalising	ise	illiberalizing
immaterialise	ise	immaterialize
immaterialised	ise	immaterialized
immaterialises	ise	immaterializes
immaterialising	ise	immaterializing
immiserisation	ise	immiserization
immiserisations	ise	immiserizations
immiserise	ise	immiserize
immiserised	ise	immiserized
immiserises	ise	immiserizes
immiserising	ise	immiserizing
immobilisation	ise	immobilization
immobilisations	ise	immobilizations
immobilise	ise	immobilize
immobilised	ise	immobilized
immobiliser	ise	immobilizer
immobilisers	ise	immobilizers
immobilises	ise	immobilizes
immobilising	ise	immobilizing
immortalisation	ise	immortalization
immortalisations	ise	immortalizations
immortalise	ise	immortalize
immortalised	ise	immortalized
immortalises	ise	immortalizes
immortalising	ise	immortalizing
immunisation	ise	immunization
immunisations	ise	immunizations
immunise	ise	immunize
immunised	ise	immunized
immuniser	ise	immunizer
immunises	ise	immunizes
immunising	ise	immunizing
impaneled	us	impanelled
impaneling	us	impanelling
impanelled	gb	impaneled
impanelling	gb	impaneling
imperialise	ise	imperialize
imperialised	ise	imperialized
imperialises	ise	imperializes
imperialising	ise	imperializing
imperiled	us	imperilled
imperiling	us	imperilling
imperilled	gb	imperiled
imperilling	gb	imperiling
impersonalisation	ise	impersonalization
impersonalisations	ise	impersonalizations
impersonalise	ise	impersonalize
impersonalised	ise	impersonalized
impersonalises	ise	impersonalizes
impersonalising	ise	impersonalizing
incentivisation	ise	incentivization
incentivisations	ise	incentivizations
incentivise	ise	incentivize
incentivised	ise	incentivized
incentivises	ise	incentivizes
incentivising	ise	incentivizing
incognisant	ise	incognizant
indigenisation	ise	indigenization
indigenisations	ise	indigenizations
indigenise	ise	indigenize
indigenised	ise	indigenized
indigenises	ise	indigenizes
indigenising	ise	indigenizing
individualisation	ise	individualization
individualisations	ise	individualizations
individualise	ise	individualize
individualised	ise	individualized
individualises	ise	individualizes
individualising	ise	individualizing
indraft	us	indraught
indrafts	us	indraughts
indraught	gb	indraft
indraughts	gb	indrafts
industrialisation	ise	industrialization
industrialisations	ise	industrializations
industrialise	ise	industrialize
industrialised	ise	industrialized
industrialises	ise	industrializes
industrialising	ise	industrializing
infamise	ise	infamize
infamised	ise	infamized
infamises	ise	infamizes
infamising	ise	infamizing
infamonise	ise	infamonize
infamonised	ise	infamonized
infamonises	ise	infamonizes
infamonising	ise	infamonizing
inflexion	gb	inflection
inflexions	gb	inflections
initialed	us	initialled
initialing	us	initialling
initialisation	ise	initialization
initialisations	ise	initializations
initialise	ise	initialize
initialised	ise	initialized
initialises	ise	initializes
initialising	ise	initializing
initialled	gb	initialed
initialling	gb	initialing
inorganisation	ise	inorganization
inorganisations	ise	inorganizations
inorganised	ise	inorganized
insolubilisation	ise	insolubilization
insolubilise	ise	insolubilize
insolubilised	ise	insolubilized
insolubilises	ise	insolubilizes
insolubilising	ise	insolubilizing
instal	gb	install
installment	us	instalment
installments	us	instalments
instalment	gb	installment
instalments	gb	installments
instals	gb	installs
instil	gb	instill
instils	gb	instills
institutionalisation	ise	institutionalization
institutionalisations	ise	institutionalizations
institutionalise	ise	institutionalize
institutionalised	ise	institutionalized
institutionalises	ise	institutionalizes
institutionalising	ise	institutionalizing
intellectualisation	ise	intellectualization
intellectualisations	ise	intellectualizations
intellectualise	ise	intellectualize
intellectualised	ise	intellectualized
intellectualises	ise	intellectualizes
intellectualising	ise	intellectualizing
interiorisation	ise	interiorization
interiorise	ise	interiorize
interiorised	ise	interiorized
interiorises	ise	interiorizes
interiorising	ise	interiorizing
internalisation	ise	internalization
internalisations	ise	internalizations
internalise	ise	internalize
internalised	ise	internalized
internalises	ise	internalizes
internalising	ise	internalizing
internationalisation	ise	internationalization
internationalisations	ise	internationalizations
internationalise	ise	internationalize
internationalised	ise	internationalized
internationalises	ise	internationalizes
internationalising	ise	internationalizing
inthrall	gb	enthrall
inthralled	gb	enthralled
inthralling	gb	enthralling
inthralls	gb	enthralls
iodisation	ise	iodization
iodise	ise	iodize
iodised	ise	iodized
iodises	ise	iodizes
iodising	ise	iodizing
ionisable	ise	ionizable
ionisabler	ise	ionizabler
ionisables	ise	ionizables
ionisablest	ise	ionizablest
ionisation	ise	ionization
ionisations	ise	ionizations
ionise	ise	ionize
ionised	ise	ionized
ioniser	gb	ionizer
ionisers	gb	ionizers
ionises	ise	ionizes
ionising	ise	ionizing
ionisings	ise	ionizings
iridisation	ise	iridization
iridisations	ise	iridizations
iridise	ise	iridize
iridised	ise	iridized
iridises	ise	iridizes
iridising	ise	iridizing
ironise	ise	ironize
ironised	ise	ironized
ironises	ise	ironizes
ironising	ise	ironizing
irrationalise	ise	irrationalize
irrationalised	ise	irrationalized
irrationalises	ise	irrationalizes
irrationalising	ise	irrationalizing
ischaemia	gb	ischemia
ischaemias	gb	ischemias
ischaemic	gb	ischemic
ischaemics	gb	ischemics
ischemia	us	ischaemia
ischemias	us	ischaemias
ischemic	us	ischaemic
ischemics	us	ischaemics
isochronise	ise	isochronize
isochronised	ise	isochronized
isochronises	ise	isochronizes
isochronising	ise	isochronizing
isoimmunisation	ise	isoimmunization
isoimmunisations	ise	isoimmunizations
isomerisation	ise	isomerization
isomerisations	ise	isomerizations
isomerise	ise	isomerize
isomerised	ise	isomerized
isomerises	ise	isomerizes
isomerising	ise	isomerizing
italianise	ise	italianize
italianised	ise	italianized
italianises	ise	italianizes
italianising	ise	italianizing
italicisation	ise	italicization
italicisations	ise	italicizations
italicise	ise	italicize
italicised	ise	italicized
italicises	ise	italicizes
italicising	ise	italicizing
itemisation	ise	itemization
itemisations	ise	itemizations
itemise	ise	itemize
itemised	ise	itemized
itemises	ise	itemizes
itemising	ise	itemizing
jargonisation	ise	jargonization
jargonisations	ise	jargonizations
jargonise	ise	jargonize
jargonised	ise	jargonized
jargonises	ise	jargonizes
jargonising	ise	jargonizing
jasperise	ise	jasperize
jasperised	ise	jasperized
jasperises	ise	jasperizes
jasperising	ise	jasperizing
jeopardise	ise	jeopardize
jeopardised	ise	jeopardized
jeopardises	ise	jeopardizes
jeopardising	ise	jeopardizing
jeweled	us	jewelled
jeweler	us	jeweller
jewelers	us	jewellers
jeweling	us	jewelling
jewelled	gb	jeweled
jeweller	gb	jeweler
jewellers	gb	jewelers
jewellery	gb	jewelry
jewelling	gb	jeweling
jewelry	us	jewellery
journalisation	ise	journalization
journalisations	ise	journalizations
journalise	ise	journalize
journalised	ise	journalized
journalises	ise	journalizes
journalising	ise	journalizing
judgement	gb	judgment
judgements	gb	judgments
jumboise	ise	jumboize
jumboised	ise	jumboized
jumboises	ise	jumboizes
jumboising	ise	jumboizing
juvenilise	ise	juvenilize
juvenilises	ise	juvenilizes
kaftan	gb	caftan
kaftans	gb	caftans
kaolinise	ise	kaolinize
kaolinised	ise	kaolinized
kaolinises	ise	kaolinizes
kaolinising	ise	kaolinizing
kenneled	us	kennelled
kenneling	us	kennelling
kennelled	gb	kenneled
kennelling	gb	kenneling
keratinisation	ise	keratinization
keratinisations	ise	keratinizations
keratinise	ise	keratinize
keratinised	ise	keratinized
keratinises	ise	keratinizes
keratinising	ise	keratinizing
kilogramme	gb	kilogram
kilogrammes	gb	kilograms
kiloliter	us	kilolitre
kiloliters	us	kilolitres
kilolitre	gb	kiloliter
kilolitres	gb	kiloliters
kilometer	us	kilometre
kilometers	us	kilometres
kilometre	gb	kilometer
kilometres	gb	kilometers
kinaesthesia	gb	kinesthesia
kinaesthesias	gb	kinesthesias
kinaesthetic	gb	kinesthetic
kinaestheticer	gb	kinestheticer
kinaestheticest	gb	kinestheticest
kinaesthetics	gb	kinesthetics
kindergartener	gb	kindergartner
kindergarteners	gb	kindergartners
kindergartner	us	kindergartener
kindergartners	us	kindergarteners
kinesthesia	us	kinaesthesia
kinesthesias	us	kinaesthesias
kinesthetic	us	kinaesthetic
kinestheticer	us	kinaestheticer
kinestheticest	us	kinaestheticest
kinesthetics	us	kinaesthetics
kyanise	ise	kyanize
kyanised	ise	kyanized
kyanises	ise	kyanizes
kyanising	ise	kyanizing
labeled	us	labelled
labeler	us	labeller
labelers	us	labellers
labeling	us	labelling
labelled	gb	labeled
labeller	gb	labeler
labellers	gb	labelers
labelling	gb	labeling
labialisation	ise	labialization
labialisations	ise	labializations
labialise	ise	labialize
labialised	ise	labialized
labialises	ise	labializes
labialising	ise	labializing
labor	us	labour
labored	us	laboured
laborer	us	labourer
laborers	us	labourers
laboring	us	labouring
laborings	us	labourings
labors	us	labours
labour	gb	labor
laboured	gb	labored
labourer	gb	laborer
labourers	gb	laborers
labouring	gb	laboring
labourings	gb	laborings
labours	gb	labors
lackluster	us	lacklustre
lacklusterrer	us	lacklustrer
lacklusterrest	us	lacklustrest
lacklusters	us	lacklustres
lacklustre	gb	lackluster
lacklustrer	gb	lacklusterrer
lacklustres	gb	lacklusters
lacklustrest	gb	lacklusterrest
laicisation	ise	laicization
laicisations	ise	laicizations
laicise	ise	laicize
laicised	ise	laicized
laicises	ise	laicizes
laicising	ise	laicizing
lairise	ise	lairize
lairised	ise	lairized
lairises	ise	lairizes
lairising	ise	lairizing
laminarise	ise	laminarize
laminarised	ise	laminarized
laminarises	ise	laminarizes
laminarising	ise	laminarizing
lateralisation	ise	lateralization
lateralisations	ise	lateralizations
lateralise	ise	lateralize
lateralises	ise	lateralizes
laterisation	ise	laterization
laterisations	ise	laterizations
latinise	ise	latinize
learnt	gb	learned
legalisation	ise	legalization
legalisations	ise	legalizations
legalise	ise	legalize
legalised	ise	legalized
legalises	ise	legalizes
legalising	ise	legalizing
leggin	us	legging
leggins	us	leggings
legitimatise	ise	legitimatize
legitimatised	ise	legitimatized
legitimatises	ise	legitimatizes
legitimatising	ise	legitimatizing
legitimisation	ise	legitimization
legitimisations	ise	legitimizations
legitimise	ise	legitimize
legitimised	ise	legitimized
legitimises	ise	legitimizes
legitimising	ise	legitimizing
lemmatise	ise	lemmatize
lemmatised	ise	lemmatized
lemmatises	ise	lemmatizes
lemmatising	ise	lemmatizing
lethargise	ise	lethargize
lethargised	ise	lethargized
lethargises	ise	lethargizes
lethargising	ise	lethargizing
leucaemia	gb	leucemia
leucaemias	gb	leucemias
leucaemic	gb	leucemic
leucemia	us	leucaemia
leucemias	us	leucaemias
leucemic	us	leucaemic
leuchaemia	gb	leuchemia
leuchemia	us	leuchaemia
leucocythaemia	gb	leucocythemia
leucocythemia	us	leucocythaemia
leucorrhea	us	leucorrhoea
leucorrheas	us	leucorrhoeas
leucorrhoea	gb	leucorrhea
leucorrhoeas	gb	leucorrheas
leukaemia	gb	leukemia
leukaemias	gb	leukemias
leukemia	us	leukaemia
leukemias	us	leukaemias
leukorrhea	us	leukorrhoea
leukorrheal	us	leukorrhoeal
leukorrhoea	gb	leukorrhea
leukorrhoeal	gb	leukorrheal
leveled	us	levelled
leveler	us	leveller
levelers	us	levellers
levelest	us	levellest
leveling	us	levelling
levelled	gb	leveled
leveller	gb	leveler
levellers	gb	levelers
levellest	gb	levelest
levelling	gb	leveling
lexicalisation	ise	lexicalization
lexicalisations	ise	lexicalizations
libeled	us	libelled
libeler	us	libeller
libelers	us	libellers
libeling	us	libelling
libelled	gb	libeled
libeller	gb	libeler
libellers	gb	libelers
libelling	gb	libeling
libellous	gb	libelous
libellouser	gb	libelouser
libellousest	gb	libelousest
libelous	us	libellous
libelouser	us	libellouser
libelousest	us	libellousest
liberalisation	ise	liberalization
liberalisations	ise	liberalizations
liberalise	ise	liberalize
liberalised	ise	liberalized
liberaliser	ise	liberalizer
liberalisers	ise	liberalizers
liberalises	ise	liberalizes
liberalising	ise	liberalizing
licence	gb	license
licenced	gb	licensed
licences	gb	licenses
licencing	gb	licensing
likabilities	us	likeabilities
likability	us	likeability
likableness	us	likeableness
likablenesses	us	likeablenesses
linearisation	ise	linearization
linearisations	ise	linearizations
linearise	ise	linearize
linearised	ise	linearized
linearises	ise	linearizes
linearising	ise	linearizing
lionisation	ise	lionization
lionisations	ise	lionizations
lionise	ise	lionize
lionised	ise	lionized
lioniser	ise	lionizer
lionisers	ise	lionizers
lionises	ise	lionizes
lionising	ise	lionizing
lipaemia	gb	lipemia
lipaemic	gb	lipemic
lipemia	us	lipaemia
lipemic	us	lipaemic
liquidise	ise	liquidize
liquidised	ise	liquidized
liquidiser	ise	liquidizer
liquidisers	ise	liquidizers
liquidises	ise	liquidizes
liquidising	ise	liquidizing
lissom	gb	lissome
lissomeness	us	lissomness
lissomenesses	us	lissomnesses
lissomness	gb	lissomeness
lissomnesses	gb	lissomenesses
liter	us	litre
literalisation	ise	literalization
literalisations	ise	literalizations
literalise	ise	literalize
literalised	ise	literalized
literalises	ise	literalizes
literalising	ise	literalizing
liters	us	litres
lithaemia	gb	lithemia
lithaemic	gb	lithemic
lithemia	us	lithaemia
lithemic	us	lithaemic
lithotritise	ise	lithotritize
lithotritised	ise	lithotritized
lithotritises	ise	lithotritizes
lithotritising	ise	lithotritizing
litre	gb	liter
litres	gb	liters
livable	us	liveable
liveable	gb	livable
lobotomise	ise	lobotomize
lobotomised	ise	lobotomized
lobotomises	ise	lobotomizes
lobotomising	ise	lobotomizing
localisable	ise	localizable
localisabler	ise	localizabler
localisables	ise	localizables
localisablest	ise	localizablest
localisation	ise	localization
localisations	ise	localizations
localise	ise	localize
localised	ise	localized
localiser	ise	localizer
localisers	ise	localizers
localises	ise	localizes
localising	ise	localizing
logicise	ise	logicize
logicised	ise	logicized
logicises	ise	logicizes
logicising	ise	logicizing
logorrhea	us	logorrhoea
logorrheas	us	logorrhoeas
logorrhoea	gb	logorrhea
logorrhoeas	gb	logorrheas
louver	us	louvre
louvered	us	louvred
louvers	us	louvres
louvre	gb	louver
louvred	gb	louvered
louvres	gb	louvers
lupin	gb	lupine
lupines	us	lupins
lupins	gb	lupines
luster	us	lustre
lustered	us	lustred
lustering	us	lustring
lusterless	us	lustreless
lusterlesser	us	lustrelesser
lusterlessest	us	lustrelessest
lusters	us	lustres
lusterware	us	lustreware
lusterwares	us	lustrewares
lustre	gb	luster
lustred	gb	lustered
lustreless	gb	lusterless
lustrelesser	gb	lusterlesser
lustrelessest	gb	lusterlessest
lustres	gb	lusters
lustreware	gb	lusterware
lustrewares	gb	lusterwares
lustring	gb	lustering
luteinisation	ise	luteinization
luteinisations	ise	luteinizations
luteinise	ise	luteinize
luteinised	ise	luteinized
luteinises	ise	luteinizes
luteinising	ise	luteinizing
lyophilisation	ise	lyophilization
lyophilisations	ise	lyophilizations
lyophilise	ise	lyophilize
lyophilised	ise	lyophilized
lyophilises	ise	lyophilizes
lyophilising	ise	lyophilizing
lyricise	ise	lyricize
lyricised	ise	lyricized
lyricises	ise	lyricizes
lyricising	ise	lyricizing
lysogenisation	ise	lysogenization
lysogenise	ise	lysogenize
lysogenised	ise	lysogenized
lysogenises	ise	lysogenizes
lysogenising	ise	lysogenizing
macadamisation	ise	macadamization
macadamisations	ise	macadamizations
macadamise	ise	macadamize
macadamised	ise	macadamized
macadamises	ise	macadamizes
macadamising	ise	macadamizing
macarise	ise	macarize
macarised	ise	macarized
macarises	ise	macarizes
macarising	ise	macarizing
maderisation	ise	maderization
maderisations	ise	maderizations
maderise	ise	maderize
maderised	ise	maderized
maderises	ise	maderizes
maderising	ise	maderizing
magnetisation	ise	magnetization
magnetisations	ise	magnetizations
magnetise	ise	magnetize
magnetised	ise	magnetized
magnetises	ise	magnetizes
magnetising	ise	magnetizing
maneuver	us	manoeuvre
maneuverabilities	us	manoeuvrabilities
maneuverability	us	manoeuvrability
maneuverable	us	manoeuvrable
maneuverabler	us	manoeuvrabler
maneuverablest	us	manoeuvrablest
maneuvered	us	manoeuvred
maneuverer	us	manoeuvrer
maneuverers	us	manoeuvrers
maneuvering	us	manoeuvring
maneuverings	us	manoeuvrings
maneuvers	us	manoeuvres
manila	us	manilla
manilla	gb	manila
manoeuvrabilities	gb	maneuverabilities
manoeuvrability	gb	maneuverability
manoeuvrable	gb	maneuverable
manoeuvrabler	gb	maneuverabler
manoeuvrablest	gb	maneuverablest
manoeuvre	gb	maneuver
manoeuvred	gb	maneuvered
manoeuvrer	gb	maneuverer
manoeuvrers	gb	maneuverers
manoeuvres	gb	maneuvers
manoeuvring	gb	maneuvering
manoeuvrings	gb	maneuverings
marbleise	ise	marbleize
marbleised	ise	marbleized
marbleises	ise	marbleizes
marbleising	ise	marbleizing
marginalisation	ise	marginalization
marginalise	ise	marginalize
marginalised	ise	marginalized
marginalises	ise	marginalizes
marginalising	ise	marginalizing
marmarise	ise	marmarize
marmarised	ise	marmarized
marmarises	ise	marmarizes
marmarising	ise	marmarizing
marmelise	ise	marmelize
marmelised	ise	marmelized
marmelises	ise	marmelizes
marmelising	ise	marmelizing
marshaled	us	marshalled
marshaling	us	marshalling
marshalled	gb	marshaled
marshalling	gb	marshaling
martyrisation	ise	martyrization
martyrisations	ise	martyrizations
martyrise	ise	martyrize
martyrised	ise	martyrized
martyrises	ise	martyrizes
martyrising	ise	martyrizing
marveled	us	marvelled
marveling	us	marvelling
marvelled	gb	marveled
marvelling	gb	marveling
marvellous	gb	marvelous
marvellouser	gb	marvelouser
marvellousest	gb	marvelousest
marvellouslier	gb	marvelouslier
marvellousliest	gb	marvelousliest
marvellously	gb	marvelously
marvellousness	gb	marvelousness
marvellousnesses	gb	marvelousnesses
marvelous	us	marvellous
marvelouser	us	marvellouser
marvelousest	us	marvellousest
marvelouslier	us	marvellouslier
marvelousliest	us	marvellousliest
marvelously	us	marvellously
marvelousness	us	marvellousness
marvelousnesses	us	marvellousnesses
masculinisation	ise	masculinization
masculinisations	ise	masculinizations
masculinise	ise	masculinize
masculinised	ise	masculinized
masculinises	ise	masculinizes
masculinising	ise	masculinizing
materialisation	ise	materialization
materialisations	ise	materializations
materialise	ise	materialize
materialised	ise	materialized
materialises	ise	materializes
materialising	ise	materializing
mathematicise	ise	mathematicize
mathematicised	ise	mathematicized
mathematicises	ise	mathematicizes
mathematicising	ise	mathematicizing
mathematisation	ise	mathematization
mathematisations	ise	mathematizations
mathematise	ise	mathematize
mathematised	ise	mathematized
mathematises	ise	mathematizes
mathematising	ise	mathematizing
matronise	ise	matronize
matronised	ise	matronized
matronises	ise	matronizes
matronising	ise	matronizing
matt	gb	matte
matts	gb	mats
maximisation	ise	maximization
maximisations	ise	maximizations
maximise	ise	maximize
maximised	ise	maximized
maximiser	ise	maximizer
maximisers	ise	maximizers
maximises	ise	maximizes
maximising	ise	maximizing
meager	us	meagre
meagerrer	us	meagrer
meagerrest	us	meagrest
meagre	gb	meager
meagrer	gb	meagerrer
meagrest	gb	meagerrest
mechanisation	ise	mechanization
mechanisations	ise	mechanizations
mechanise	ise	mechanize
mechanised	ise	mechanized
mechaniser	ise	mechanizer
mechanisers	ise	mechanizers
mechanises	ise	mechanizes
mechanising	ise	mechanizing
medalist	us	medallist
medalists	us	medallists
medallist	gb	medalist
medallists	gb	medalists
mediatisation	ise	mediatization
mediatisations	ise	mediatizations
mediatise	ise	mediatize
mediatised	ise	mediatized
mediatises	ise	mediatizes
mediatising	ise	mediatizing
medicalisation	ise	medicalization
medicalisations	ise	medicalizations
medicalise	ise	medicalize
medicalised	ise	medicalized
medicalises	ise	medicalizes
medicalising	ise	medicalizing
megagramme	gb	megagram
megagrammes	gb	megagrams
melanaemia	gb	melanemia
melanemia	us	melanaemia
melanisation	ise	melanization
melanise	ise	melanize
melanised	ise	melanized
melanises	ise	melanizes
melanising	ise	melanizing
melodise	ise	melodize
melodised	ise	melodized
melodises	ise	melodizes
melodising	ise	melodizing
melodramatisation	ise	melodramatization
melodramatise	ise	melodramatize
melodramatised	ise	melodramatized
melodramatises	ise	melodramatizes
melodramatising	ise	melodramatizing
memorialisation	ise	memorialization
memorialisations	ise	memorializations
memorialise	ise	memorialize
memorialised	ise	memorialized
memorialises	ise	memorializes
memorialising	ise	memorializing
memorisation	ise	memorization
memorisations	ise	memorizations
memorise	ise	memorize
memorised	ise	memorized
memoriser	ise	memorizer
memorisers	ise	memorizers
memorises	ise	memorizes
memorising	ise	memorizing
menorrhea	us	menorrhoea
menorrheas	us	menorrhoeas
menorrhoea	gb	menorrhea
menorrhoeas	gb	menorrheas
mercerisation	ise	mercerization
mercerisations	ise	mercerizations
mercerise	ise	mercerize
mercerised	ise	mercerized
mercerises	ise	mercerizes
mercerising	ise	mercerizing
mercurialisation	ise	mercurialization
mercurialisations	ise	mercurializations
mercurialise	ise	mercurialize
mercurialised	ise	mercurialized
mercurialises	ise	mercurializes
mercurialising	ise	mercurializing
mercurise	ise	mercurize
mercurised	ise	mercurized
mercurises	ise	mercurizes
mercurising	ise	mercurizing
mesmerisation	ise	mesmerization
mesmerisations	ise	mesmerizations
mesmerise	ise	mesmerize
mesmerised	ise	mesmerized
mesmerises	ise	mesmerizes
mesmerising	ise	mesmerizing
metabolisable	ise	metabolizable
metabolisables	ise	metabolizables
metabolise	ise	metabolize
metabolised	ise	metabolized
metabolises	ise	metabolizes
metabolising	ise	metabolizing
metacenter	us	metacentre
metacenters	us	metacentres
metacentre	gb	metacenter
metacentres	gb	metacenters
metagrabolise	ise	metagrabolize
metagrabolised	ise	metagrabolized
metagrabolises	ise	metagrabolizes
metagrabolising	ise	metagrabolizing
metagrobolise	ise	metagrobolize
metagrobolised	ise	metagrobolized
metagrobolises	ise	metagrobolizes
metagrobolising	ise	metagrobolizing
metaled	us	metalled
metaling	us	metalling
metalization	us	metallisation/metallization
metalizations	us	metallisations/metallizations
metalize	us	metallise/metallize
metalized	us	metallised/metallized
metalizes	us	metallises/metallizes
metalizing	us	metallising/metallizing
metalled	gb	metaled
metalling	gb	metaling
metallisation	gb	metalization
metallisations	gb	metalizations
metallise	gb	metalize
metallised	gb	metalized
metallises	gb	metalizes
metallising	gb	metalizing
metallization	gb	metalization
metallizations	gb	metalizations
metallize	gb	metalize
metallized	gb	metalized
metallizes	gb	metalizes
metallizing	gb	metalizing
metastasise	ise	metastasize
metastasised	ise	metastasized
metastasises	ise	metastasizes
metastasising	ise	metastasizing
metathesise	ise	metathesize
metathesised	ise	metathesized
metathesises	ise	metathesizes
metathesising	ise	metathesizing
metestrus	us	metoestrus
methaemoglobin	gb	methemoglobin
methemoglobin	us	methaemoglobin
methodisation	ise	methodization
methodisations	ise	methodizations
methodise	ise	methodize
methodised	ise	methodized
methodises	ise	methodizes
methodising	ise	methodizing
metoestrus	gb	metestrus
metre	gb	meter
metres	gb	meters
metricise	ise	metricize
metricised	ise	metricized
metricises	ise	metricizes
metricising	ise	metricizing
metropolitanisation	ise	metropolitanization
metropolitanise	ise	metropolitanize
metropolitanised	ise	metropolitanized
metropolitanises	ise	metropolitanizes
metropolitanising	ise	metropolitanizing
miaow	gb	meow
miaowed	gb	meowed
miaowing	gb	meowing
miaows	gb	meows
micrometre	gb	micrometer
micrometres	gb	micrometers
microminiaturisation	ise	microminiaturization
microminiaturisations	ise	microminiaturizations
microminiaturise	ise	microminiaturize
microminiaturised	ise	microminiaturized
microminiaturises	ise	microminiaturizes
microminiaturising	ise	microminiaturizing
micronise	ise	micronize
micronises	ise	micronizes
micropalaeontologies	gb	micropaleontologies
micropalaeontologist	gb	micropaleontologist
micropalaeontologists	gb	micropaleontologists
micropalaeontology	gb	micropaleontology
micropaleontologies	us	micropalaeontologies
micropaleontologist	us	micropalaeontologist
micropaleontologists	us	micropalaeontologists
micropaleontology	us	micropalaeontology
militarisation	ise	militarization
militarisations	ise	militarizations
militarise	ise	militarize
militarised	ise	militarized
militarises	ise	militarizes
militarising	ise	militarizing
milligramme	gb	milligram
milligrammes	gb	milligrams
milliliter	us	millilitre
milliliters	us	millilitres
millilitre	gb	milliliter
millilitres	gb	milliliters
millimeter	us	millimetre
millimeters	us	millimetres
millimetre	gb	millimeter
millimetres	gb	millimeters
mineralisation	ise	mineralization
mineralisations	ise	mineralizations
mineralise	ise	mineralize
mineralised	ise	mineralized
mineralises	ise	mineralizes
mineralising	ise	mineralizing
mineralogise	ise	mineralogize
mineralogised	ise	mineralogized
mineralogises	ise	mineralogizes
mineralogising	ise	mineralogizing
miniaturisation	ise	miniaturization
miniaturisations	ise	miniaturizations
miniaturise	ise	miniaturize
miniaturised	ise	miniaturized
miniaturises	ise	miniaturizes
miniaturising	ise	miniaturizing
minimisation	ise	minimization
minimisations	ise	minimizations
minimise	ise	minimize
minimised	ise	minimized
minimiser	ise	minimizer
minimisers	ise	minimizers
minimises	ise	minimizes
minimising	ise	minimizing
misalphabetise	ise	misalphabetize
misalphabetises	ise	misalphabetizes
misbehavior	us	misbehaviour
misbehaviors	us	misbehaviours
misbehaviour	gb	misbehavior
misbehaviours	gb	misbehaviors
mischaracterisation	ise	mischaracterization
mischaracterisations	ise	mischaracterizations
mischaracterise	ise	mischaracterize
mischaracterises	ise	mischaracterizes
misdemeanor	us	misdemeanour
misdemeanors	us	misdemeanours
misdemeanour	gb	misdemeanor
misdemeanours	gb	misdemeanors
misemphasise	ise	misemphasize
misemphasises	ise	misemphasizes
misjudgement	gb	misjudgment
misjudgements	gb	misjudgments
missionarise	ise	missionarize
missionarised	ise	missionarized
missionarises	ise	missionarizes
missionarising	ise	missionarizing
missionisation	ise	missionization
missionise	ise	missionize
missionised	ise	missionized
missionises	ise	missionizes
missionising	ise	missionizing
miter	us	mitre
mitered	us	mitred
mitering	us	mitring
miters	us	mitres
mithridatise	ise	mithridatize
mithridatised	ise	mithridatized
mithridatises	ise	mithridatizes
mithridatising	ise	mithridatizing
mitre	gb	miter
mitred	gb	mitered
mitres	gb	miters
mitring	gb	mitering
mobilisable	ise	mobilizable
mobilisabler	ise	mobilizabler
mobilisables	ise	mobilizables
mobilisablest	ise	mobilizablest
mobilisation	ise	mobilization
mobilisations	ise	mobilizations
mobilise	ise	mobilize
mobilised	ise	mobilized
mobiliser	ise	mobilizer
mobilisers	ise	mobilizers
mobilises	ise	mobilizes
mobilising	ise	mobilizing
modeled	us	modelled
modeler	us	modeller
modelers	us	modellers
modeling	us	modelling
modelings	us	modellings
modelled	gb	modeled
modeller	gb	modeler
modellers	gb	modelers
modelling	gb	modeling
modellings	gb	modelings
modernisation	ise	modernization
modernisations	ise	modernizations
modernise	ise	modernize
modernised	ise	modernized
moderniser	ise	modernizer
modernisers	ise	modernizers
modernises	ise	modernizes
modernising	ise	modernizing
modularise	ise	modularize
modularised	ise	modularized
modularises	ise	modularizes
modularising	ise	modularizing
moggie	gb	moggy
moisturise	ise	moisturize
moisturised	ise	moisturized
moisturiser	ise	moisturizer
moisturisers	ise	moisturizers
moisturises	ise	moisturizes
moisturising	ise	moisturizing
mold	us	mould
molded	us	moulded
molder	us	moulder
moldered	us	mouldered
moldering	us	mouldering
molders	us	moulders
moldier	us	mouldier
moldiest	us	mouldiest
molding	us	moulding
moldings	us	mouldings
molds	us	moulds
moldy	us	mouldy
mollusk	us	mollusc
molluskan	us	molluscan
mollusks	us	molluscs
molochise	ise	molochize
molochised	ise	molochized
molochises	ise	molochizes
molochising	ise	molochizing
molt	us	moult
molted	us	moulted
molting	us	moulting
molts	us	moults
monarchise	ise	monarchize
monarchised	ise	monarchized
monarchises	ise	monarchizes
monarchising	ise	monarchizing
monestrous	us	monoestrous
monetisation	ise	monetization
monetisations	ise	monetizations
monetise	ise	monetize
monetised	ise	monetized
monetises	ise	monetizes
monetising	ise	monetizing
mongrelisation	ise	mongrelization
mongrelisations	ise	mongrelizations
mongrelise	ise	mongrelize
mongrelised	ise	mongrelized
mongrelises	ise	mongrelizes
mongrelising	ise	mongrelizing
monoestrous	gb	monestrous
monologise	ise	monologize
monologised	ise	monologized
monologises	ise	monologizes
monologising	ise	monologizing
monologuise	ise	monologuize
monologuised	ise	monologuized
monologuises	ise	monologuizes
monologuising	ise	monologuizing
monophthongise	ise	monophthongize
monophthongised	ise	monophthongized
monophthongises	ise	monophthongizes
monophthongising	ise	monophthongizing
monopolisation	ise	monopolization
monopolisations	ise	monopolizations
monopolise	ise	monopolize
monopolised	ise	monopolized
monopoliser	ise	monopolizer
monopolisers	ise	monopolizers
monopolises	ise	monopolizes
monopolising	ise	monopolizing
monumentalise	ise	monumentalize
monumentalised	ise	monumentalized
monumentalises	ise	monumentalizes
monumentalising	ise	monumentalizing
moralisation	ise	moralization
moralisations	ise	moralizations
moralise	ise	moralize
moralised	ise	moralized
moraliser	ise	moralizer
moralisers	ise	moralizers
moralises	ise	moralizes
moralising	ise	moralizing
moralisinglies	ise	moralizinglies
moralisingly	ise	moralizingly
mortalise	ise	mortalize
mortalised	ise	mortalized
mortalises	ise	mortalizes
mortalising	ise	mortalizing
motorisation	ise	motorization
motorisations	ise	motorizations
motorise	ise	motorize
motorised	ise	motorized
motorises	ise	motorizes
motorising	ise	motorizing
mould	gb	mold
moulded	gb	molded
moulder	gb	molder
mouldered	gb	moldered
mouldering	gb	moldering
moulders	gb	molders
mouldier	gb	moldier
mouldiest	gb	moldiest
moulding	gb	molding
mouldings	gb	moldings
moulds	gb	molds
mouldy	gb	moldy
moult	gb	molt
moulted	gb	molted
moulting	gb	molting
moults	gb	molts
moustache	gb	mustache
moustached	gb	mustached
moustaches	gb	mustaches
moveability	us	movability
municipalisation	ise	municipalization
municipalisations	ise	municipalizations
municipalise	ise	municipalize
municipalised	ise	municipalized
municipalises	ise	municipalizes
municipalising	ise	municipalizing
musicalisation	ise	musicalization
musicalisations	ise	musicalizations
musicalise	ise	musicalize
musicalised	ise	musicalized
musicalises	ise	musicalizes
musicalising	ise	musicalizing
mustache	us	moustache
mustached	us	moustached
mustaches	us	moustaches
mutagenise	ise	mutagenize
mutagenised	ise	mutagenized
mutagenises	ise	mutagenizes
mutagenising	ise	mutagenizing
mutualisation	ise	mutualization
mutualisations	ise	mutualizations
mutualise	ise	mutualize
mutualised	ise	mutualized
mutualises	ise	mutualizes
mutualising	ise	mutualizing
myelinisation	ise	myelinization
myelinisations	ise	myelinizations
mylonitisation	ise	mylonitization
mylonitisations	ise	mylonitizations
mylonitise	ise	mylonitize
mylonitised	ise	mylonitized
mylonitises	ise	mylonitizes
mylonitising	ise	mylonitizing
mythicisation	ise	mythicization
mythicise	ise	mythicize
mythicised	ise	mythicized
mythicises	ise	mythicizes
mythicising	ise	mythicizing
mythise	ise	mythize
mythised	ise	mythized
mythises	ise	mythizes
mythising	ise	mythizing
mythologisation	ise	mythologization
mythologisations	ise	mythologizations
mythologise	ise	mythologize
mythologised	ise	mythologized
mythologiser	ise	mythologizer
mythologisers	ise	mythologizers
mythologises	ise	mythologizes
mythologising	ise	mythologizing
mythopeic	us	mythopoeic
mythopoeic	gb	mythopeic
myxedema	us	myxoedema
myxedemas	us	myxoedemas
myxedematous	us	myxoedematous
myxedemic	us	myxoedemic
myxoedema	gb	myxedema
myxoedemas	gb	myxedemas
myxoedematous	gb	myxedematous
myxoedemic	gb	myxedemic
nanisation	ise	nanization
nanisations	ise	nanizations
nanometer	us	nanometre
nanometers	us	nanometres
nanometre	gb	nanometer
nanometres	gb	nanometers
naphthalise	ise	naphthalize
naphthalised	ise	naphthalized
naphthalises	ise	naphthalizes
naphthalising	ise	naphthalizing
narcotisation	ise	narcotization
narcotisations	ise	narcotizations
narcotise	ise	narcotize
narcotised	ise	narcotized
narcotises	ise	narcotizes
narcotising	ise	narcotizing
nasalisation	ise	nasalization
nasalisations	ise	nasalizations
nasalise	ise	nasalize
nasalised	ise	nasalized
nasalises	ise	nasalizes
nasalising	ise	nasalizing
nationalisation	ise	nationalization
nationalisations	ise	nationalizations
nationalise	ise	nationalize
nationalised	ise	nationalized
nationalises	ise	nationalizes
nationalising	ise	nationalizing
naturalisation	ise	naturalization
naturalisations	ise	naturalizations
naturalise	ise	naturalize
naturalised	ise	naturalized
naturalises	ise	naturalizes
naturalising	ise	naturalizing
nebulisation	ise	nebulization
nebulisations	ise	nebulizations
nebulise	ise	nebulize
nebulised	ise	nebulized
nebuliser	ise	nebulizer
nebulisers	ise	nebulizers
nebulises	ise	nebulizes
nebulising	ise	nebulizing
necrotise	ise	necrotize
necrotised	ise	necrotized
necrotises	ise	necrotizes
necrotising	ise	necrotizing
neighbor	us	neighbour
neighbored	us	neighboured
neighborhood	us	neighbourhood
neighborhoods	us	neighbourhoods
neighboring	us	neighbouring
neighborings	us	neighbourings
neighborlier	us	neighbourlier
neighborliest	us	neighbourliest
neighborliness	us	neighbourliness
neighborlinesses	us	neighbourlinesses
neighborly	us	neighbourly
neighbors	us	neighbours
neighbour	gb	neighbor
neighboured	gb	neighbored
neighbourhood	gb	neighborhood
neighbourhoods	gb	neighborhoods
neighbouring	gb	neighboring
neighbourings	gb	neighborings
neighbourlier	gb	neighborlier
neighbourliest	gb	neighborliest
neighbourliness	gb	neighborliness
neighbourlinesses	gb	neighborlinesses
neighbourly	gb	neighborly
neighbours	gb	neighbors
neologise	ise	neologize
neologised	ise	neologized
neologises	ise	neologizes
neologising	ise	neologizing
neopaganise	ise	neopaganize
neopaganised	ise	neopaganized
neopaganises	ise	neopaganizes
neopaganising	ise	neopaganizing
neoterise	ise	neoterize
neoterised	ise	neoterized
neoterises	ise	neoterizes
neoterising	ise	neoterizing
nephrectomise	ise	nephrectomize
nephrectomised	ise	nephrectomized
nephrectomising	ise	nephrectomizing
nett	gb	net
netts	gb	nets
neutralisation	ise	neutralization
neutralisations	ise	neutralizations
neutralise	ise	neutralize
neutralised	ise	neutralized
neutraliser	ise	neutralizer
neutralisers	ise	neutralizers
neutralises	ise	neutralizes
neutralising	ise	neutralizing
nickelise	ise	nickelize
nickelised	ise	nickelized
nickelises	ise	nickelizes
nickelising	ise	nickelizing
niggardise	ise	niggardize
niggardised	ise	niggardized
niggardises	ise	niggardizes
niggardising	ise	niggardizing
nite	us	night
niter	us	nitre
niters	us	nitres
nites	us	nights
nitre	gb	niter
nitres	gb	niters
nitrogenisation	ise	nitrogenization
nitrogenisations	ise	nitrogenizations
nitrogenise	ise	nitrogenize
nitrogenised	ise	nitrogenized
nitrogenises	ise	nitrogenizes
nitrogenising	ise	nitrogenizing
nitroglycerin	us	nitroglycerine
nitroglycerins	us	nitroglycerines
nodalise	ise	nodalize
nodalised	ise	nodalized
nodalises	ise	nodalizes
nodalising	ise	nodalizing
nomadisation	ise	nomadization
nomadisations	ise	nomadizations
nomadise	ise	nomadize
nomadised	ise	nomadized
nomadises	ise	nomadizes
nomadising	ise	nomadizing
nominalisation	ise	nominalization
nominalisations	ise	nominalizations
nominalise	ise	nominalize
nominalised	ise	nominalized
nominalises	ise	nominalizes
nominalising	ise	nominalizing
noncivilised	ise	noncivilized
nonimmunised	ise	nonimmunized
nonionised	ise	nonionized
nonionising	ise	nonionizing
nonoxidising	ise	nonoxidizing
nonspecialised	ise	nonspecialized
nonstandardised	ise	nonstandardized
nonsynthesised	ise	nonsynthesized
normalisation	ise	normalization
normalisations	ise	normalizations
normalise	ise	normalize
normalised	ise	normalized
normaliser	ise	normalizer
normalisers	ise	normalizers
normalises	ise	normalizes
normalising	ise	normalizing
normanise	ise	normanize
normanised	ise	normanized
normanises	ise	normanizes
normanising	ise	normanizing
northernise	ise	northernize
northernised	ise	northernized
northernises	ise	northernizes
northernising	ise	northernizing
nosey	gb	nosy
noseys	gb	nosies
notarisation	ise	notarization
notarisations	ise	notarizations
notarise	ise	notarize
notarised	ise	notarized
notarises	ise	notarizes
notarising	ise	notarizing
novelisation	ise	novelization
novelisations	ise	novelizations
novelise	ise	novelize
novelised	ise	novelized
novelises	ise	novelizes
novelising	ise	novelizing
nuclearisation	ise	nuclearization
nuclearisations	ise	nuclearizations
nuclearise	ise	nuclearize
nuclearised	ise	nuclearized
nuclearises	ise	nuclearizes
nuclearising	ise	nuclearizing
obelise	ise	obelize
obelised	ise	obelized
obelises	ise	obelizes
obelising	ise	obelizing
objectivise	ise	objectivize
objectivised	ise	objectivized
objectivises	ise	objectivizes
objectivising	ise	objectivizing
occidentalise	ise	occidentalize
occidentalised	ise	occidentalized
occidentalises	ise	occidentalizes
occidentalising	ise	occidentalizing
ocher	us	ochre
ochered	us	ochred
ochering	us	ochring
ocherous	us	ochreous
ocherouser	us	ochreouser
ocherousest	us	ochreousest
ocherrer	us	ochrer
ocherrest	us	ochrest
ochers	us	ochres
ochre	gb	ocher
ochred	gb	ochered
ochrer	gb	ocherrer
ochres	gb	ochers
ochrest	gb	ocherrest
ochring	gb	ochering
odor	us	odour
odorise	ise	odorize
odorised	ise	odorized
odorises	ise	odorizes
odorising	ise	odorizing
odorless	us	odourless
odorlesser	us	odourlesser
odorlessest	us	odourlessest
odors	us	odours
odour	gb	odor
odourless	gb	odorless
odourlesser	gb	odorlesser
odourlessest	gb	odorlessest
odours	gb	odors
oedema	gb	edema
oedemas	gb	edemas
oedematose	gb	edematose
oedematous	gb	edematous
oenological	gb	enological
oenologist	gb	enologist
oenologists	gb	enologists
oesophagi	gb	esophagi
oesophagitis	gb	esophagitis
oesophagus	gb	esophagus
oesophaguses	gb	esophagi
oestradiol	gb	estradiol
oestradiols	gb	estradiols
oestral	gb	estral
oestrin	gb	estrin
oestrins	gb	estrins
oestriol	gb	estriol
oestriols	gb	estriols
oestrogen	gb	estrogen
oestrogenic	gb	estrogenic
oestrogens	gb	estrogens
oestrone	gb	estrone
oestrones	gb	estrones
oestrous	gb	estrous
oestrual	gb	estrual
oestrum	gb	estrum
oestrums	gb	estrums
oestrus	gb	estrus
oestruses	gb	estruses
offence	gb	offense
offences	gb	offenses
offense	us	offence
offenses	us	offences
oligaemia	gb	oligemia
oligemia	us	oligaemia
omelet	us	omelette
omelets	us	omelettes
opalise	ise	opalize
opalised	ise	opalized
opalises	ise	opalizes
operatise	ise	operatize
operatised	ise	operatized
operatises	ise	operatizes
operatising	ise	operatizing
optimalisation	ise	optimalization
optimalisations	ise	optimalizations
optimalise	ise	optimalize
optimalised	ise	optimalized
optimalises	ise	optimalizes
optimalising	ise	optimalizing
optimisation	ise	optimization
optimisations	ise	optimizations
optimise	ise	optimize
optimised	ise	optimized
optimiser	ise	optimizer
optimisers	ise	optimizers
optimises	ise	optimizes
optimising	ise	optimizing
organdie	gb	organdy
organdy	us	organdie
organisation	ise	organization
organisational	ise	organizational
organisationaler	ise	organizationaler
organisationalest	ise	organizationalest
organisationallier	ise	organizationallier
organisationalliest	ise	organizationalliest
organisationally	ise	organizationally
organisationals	ise	organizationals
organisations	ise	organizations
organise	ise	organize
organised	ise	organized
organiser	ise	organizer
organisers	ise	organizers
organises	ise	organizes
organising	ise	organizing
orientalise	ise	orientalize
orientalised	ise	orientalized
orientalises	ise	orientalizes
orientalising	ise	orientalizing
orthogonalisation	ise	orthogonalization
orthogonalise	ise	orthogonalize
orthogonalised	ise	orthogonalized
orthogonalises	ise	orthogonalizes
orthogonalising	ise	orthogonalizing
orthographise	ise	orthographize
orthopaedic	gb	orthopedic
orthopaedicer	gb	orthopedicer
orthopaedicest	gb	orthopedicest
orthopaedics	gb	orthopedics
orthopaedist	gb	orthopedist
orthopaedists	gb	orthopedists
orthopedic	us	orthopaedic
orthopedicer	us	orthopaedicer
orthopedicest	us	orthopaedicest
orthopedics	us	orthopaedics
orthopedist	us	orthopaedist
orthopedists	us	orthopaedists
orthopnea	us	orthopnoea
orthopnoea	gb	orthopnea
ostracise	ise	ostracize
ostracised	ise	ostracized
ostracises	ise	ostracizes
ostracising	ise	ostracizing
otorrhea	us	otorrhoea
otorrhoea	gb	otorrhea
outmaneuver	us	outmanoeuvre
outmaneuvered	us	outmanoeuvred
outmaneuvering	us	outmanoeuvring
outmaneuvers	us	outmanoeuvres
outmanoeuvre	gb	outmaneuver
outmanoeuvred	gb	outmaneuvered
outmanoeuvres	gb	outmaneuvers
outmanoeuvring	gb	outmaneuvering
ovariectomised	ise	ovariectomized
overcapitalisation	ise	overcapitalization
overcapitalisations	ise	overcapitalizations
overcapitalise	ise	overcapitalize
overcapitalised	ise	overcapitalized
overcapitalises	ise	overcapitalizes
overcapitalising	ise	overcapitalizing
overcentralisation	ise	overcentralization
overcentralisations	ise	overcentralizations
overcentralise	ise	overcentralize
overcentralises	ise	overcentralizes
overdramatise	ise	overdramatize
overdramatised	ise	overdramatized
overdramatises	ise	overdramatizes
overdramatising	ise	overdramatizing
overemphasise	ise	overemphasize
overemphasised	ise	overemphasized
overemphasises	ise	overemphasizes
overemphasising	ise	overemphasizing
overfertilisation	ise	overfertilization
overgeneralise	ise	overgeneralize
overgeneralised	ise	overgeneralized
overgeneralises	ise	overgeneralizes
overgeneralising	ise	overgeneralizing
overindustrialise	ise	overindustrialize
overindustrialises	ise	overindustrializes
overspecialisation	ise	overspecialization
overspecialisations	ise	overspecializations
overspecialise	ise	overspecialize
overspecialised	ise	overspecialized
overspecialises	ise	overspecializes
overspecialising	ise	overspecializing
overutilisation	ise	overutilization
oxidisable	ise	oxidizable
oxidisables	ise	oxidizables
oxidisation	ise	oxidization
oxidisations	ise	oxidizations
oxidise	ise	oxidize
oxidised	ise	oxidized
oxidiser	ise	oxidizer
oxidisers	ise	oxidizers
oxidises	ise	oxidizes
oxidising	ise	oxidizing
oxidisings	ise	oxidizings
oxygenise	ise	oxygenize
oxygenised	ise	oxygenized
oxygenises	ise	oxygenizes
oxygenising	ise	oxygenizing
oxyhaemoglobin	gb	oxyhemoglobin
oxyhaemoglobins	gb	oxyhemoglobins
oxyhemoglobin	us	oxyhaemoglobin
oxyhemoglobins	us	oxyhaemoglobins
ozonisation	ise	ozonization
ozonisations	ise	ozonizations
ozonise	ise	ozonize
ozonised	ise	ozonized
ozonises	ise	ozonizes
ozonising	ise	ozonizing
paediatric	gb	pediatric
paediatrician	gb	pediatrician
paediatricians	gb	pediatricians
paediatrics	gb	pediatrics
paedophile	gb	pedophile
paedophiles	gb	pedophiles
paedophilia	gb	pedophilia
paedophilias	gb	pedophilias
paganisation	ise	paganization
paganisations	ise	paganizations
paganise	ise	paganize
paganised	ise	paganized
paganises	ise	paganizes
paganising	ise	paganizing
pajama	us	pyjama
pajamas	us	pyjamas
palaeoanthropic	gb	paleoanthropic
palaeoanthropological	gb	paleoanthropological
palaeoanthropologies	gb	paleoanthropologies
palaeoanthropologist	gb	paleoanthropologist
palaeoanthropologists	gb	paleoanthropologists
palaeoanthropology	gb	paleoanthropology
palaeobiogeography	gb	paleobiogeography
palaeobiologic	gb	paleobiologic
palaeobiological	gb	paleobiological
palaeobiologies	gb	paleobiologies
palaeobiologist	gb	paleobiologist
palaeobiologists	gb	paleobiologists
palaeobiology	gb	paleobiology
palaeobotanic	gb	paleobotanic
palaeobotanical	gb	paleobotanical
palaeobotanically	gb	paleobotanically
palaeobotanies	gb	paleobotanies
palaeobotanist	gb	paleobotanist
palaeobotanists	gb	paleobotanists
palaeobotany	gb	paleobotany
palaeoclimatic	gb	paleoclimatic
palaeoclimatologies	gb	paleoclimatologies
palaeoclimatologist	gb	paleoclimatologist
palaeoclimatologists	gb	paleoclimatologists
palaeoclimatology	gb	paleoclimatology
palaeocrystic	gb	paleocrystic
palaeoecologic	gb	paleoecologic
palaeoecological	gb	paleoecological
palaeoecologies	gb	paleoecologies
palaeoecologist	gb	paleoecologist
palaeoecologists	gb	paleoecologists
palaeoecology	gb	paleoecology
palaeoethnologic	gb	paleoethnologic
palaeoethnological	gb	paleoethnological
palaeoethnologist	gb	paleoethnologist
palaeoethnology	gb	paleoethnology
palaeogeographer	gb	paleogeographer
palaeogeographers	gb	paleogeographers
palaeogeographic	gb	paleogeographic
palaeogeographical	gb	paleogeographical
palaeogeographically	gb	paleogeographically
palaeogeographies	gb	paleogeographies
palaeogeography	gb	paleogeography
palaeographic	gb	paleographic
palaeographical	gb	paleographical
palaeographically	gb	paleographically
palaeographist	gb	paleographist
palaeolimnology	gb	paleolimnology
palaeolith	gb	paleolith
palaeolithic	gb	paleolithic
palaeoliths	gb	paleoliths
palaeomagnetism	gb	paleomagnetism
palaeomagnetisms	gb	paleomagnetisms
palaeontographic	gb	paleontographic
palaeontographical	gb	paleontographical
palaeontographies	gb	paleontographies
palaeontography	gb	paleontography
palaeontol	gb	paleontol
palaeontologic	gb	paleontologic
palaeontological	gb	paleontological
palaeontologist	gb	paleontologist
palaeontologists	gb	paleontologists
palaeontology	gb	paleontology
palaeopathological	gb	paleopathological
palaeopathologies	gb	paleopathologies
palaeopathologist	gb	paleopathologist
palaeopathologists	gb	paleopathologists
palaeopathology	gb	paleopathology
palaeopedology	gb	paleopedology
palaeophytology	gb	paleophytology
palaeopsychology	gb	paleopsychology
palaeozoological	gb	paleozoological
palaeozoologies	gb	paleozoologies
palaeozoologist	gb	paleozoologist
palaeozoologists	gb	paleozoologists
palaeozoology	gb	paleozoology
palatalisation	ise	palatalization
palatalisations	ise	palatalizations
palatalise	ise	palatalize
palatalised	ise	palatalized
palatalises	ise	palatalizes
palatalising	ise	palatalizing
paleoanthropic	us	palaeoanthropic
paleoanthropological	us	palaeoanthropological
paleoanthropologies	us	palaeoanthropologies
paleoanthropologist	us	palaeoanthropologist
paleoanthropologists	us	palaeoanthropologists
paleoanthropology	us	palaeoanthropology
paleobiogeography	us	palaeobiogeography
paleobiologic	us	palaeobiologic
paleobiological	us	palaeobiological
paleobiologies	us	palaeobiologies
paleobiologist	us	palaeobiologist
paleobiologists	us	palaeobiologists
paleobiology	us	palaeobiology
paleobotanic	us	palaeobotanic
paleobotanical	us	palaeobotanical
paleobotanically	us	palaeobotanically
paleobotanies	us	palaeobotanies
paleobotanist	us	palaeobotanist
paleobotanists	us	palaeobotanists
paleobotany	us	palaeobotany
paleoclimatic	us	palaeoclimatic
paleoclimatologies	us	palaeoclimatologies
paleoclimatologist	us	palaeoclimatologist
paleoclimatologists	us	palaeoclimatologists
paleoclimatology	us	palaeoclimatology
paleocrystic	us	palaeocrystic
paleoecologic	us	palaeoecologic
paleoecological	us	palaeoecological
paleoecologies	us	palaeoecologies
paleoecologist	us	palaeoecologist
paleoecologists	us	palaeoecologists
paleoecology	us	palaeoecology
paleoethnologic	us	palaeoethnologic
paleoethnological	us	palaeoethnological
paleoethnologist	us	palaeoethnologist
paleoethnology	us	palaeoethnology
paleogeographer	us	palaeogeographer
paleogeographers	us	palaeogeographers
paleogeographic	us	palaeogeographic
paleogeographical	us	palaeogeographical
paleogeographically	us	palaeogeographically
paleogeographies	us	palaeogeographies
paleogeography	us	palaeogeography
paleographic	us	palaeographic
paleographical	us	palaeographical
paleographically	us	palaeographically
paleographist	us	palaeographist
paleolimnology	us	palaeolimnology
paleolith	us	palaeolith
paleolithic	us	palaeolithic
paleoliths	us	palaeoliths
paleomagnetism	us	palaeomagnetism
paleomagnetisms	us	palaeomagnetisms
paleontographic	us	palaeontographic
paleontographical	us	palaeontographical
paleontographies	us	palaeontographies
paleontography	us	palaeontography
paleontol	us	palaeontol
paleontologic	us	palaeontologic
paleontological	us	palaeontological
paleontologist	us	palaeontologist
paleontologists	us	palaeontologists
paleontology	us	palaeontology
paleopathological	us	palaeopathological
paleopathologies	us	palaeopathologies
paleopathologist	us	palaeopathologist
paleopathologists	us	palaeopathologists
paleopathology	us	palaeopathology
paleopedology	us	palaeopedology
paleophytology	us	palaeophytology
paleopsychology	us	palaeopsychology
paleozoological	us	palaeozoological
paleozoologies	us	palaeozoologies
paleozoologist	us	palaeozoologist
paleozoologists	us	palaeozoologists
paleozoology	us	palaeozoology
palletisation	ise	palletization
palletisations	ise	palletizations
palletise	ise	palletize
palletised	ise	palletized
palletises	ise	palletizes
palletising	ise	palletizing
panaesthesia	gb	panesthesia
panaesthesias	gb	panesthesias
panegyrise	ise	panegyrize
panegyrised	ise	panegyrized
panegyrises	ise	panegyrizes
panegyrising	ise	panegyrizing
paneled	us	panelled
paneling	us	panelling
panelings	us	panellings
panelist	us	panellist
panelists	us	panellists
panelled	gb	paneled
panelling	gb	paneling
panellings	gb	panelings
panellist	gb	panelist
panellists	gb	panelists
panesthesia	us	panaesthesia
panesthesias	us	panaesthesias
papalise	ise	papalize
papalised	ise	papalized
papalises	ise	papalizes
papalising	ise	papalizing
parabolise	ise	parabolize
parabolised	ise	parabolized
parabolises	ise	parabolizes
parabolising	ise	parabolizing
parallelise	ise	parallelize
parallelised	ise	parallelized
parallelises	ise	parallelizes
parallelising	ise	parallelizing
paralogise	ise	paralogize
paralogised	ise	paralogized
paralogises	ise	paralogizes
paralogising	ise	paralogizing
paralyse	gb	paralyze
paralysed	gb	paralyzed
paralysing	gb	paralyzing
paralyze	us	paralyse
paralyzed	us	paralysed
paralyzes	us	paralyses
paralyzing	us	paralysing
parameterisation	ise	parameterization
parameterisations	ise	parameterizations
parameterise	ise	parameterize
parameterised	ise	parameterized
parameterises	ise	parameterizes
parameterising	ise	parameterizing
parametrisation	ise	parametrization
parametrisations	ise	parametrizations
parametrise	ise	parametrize
parametrised	ise	parametrized
parametrises	ise	parametrizes
parametrising	ise	parametrizing
parasitaemia	gb	parasitemia
parasitemia	us	parasitaemia
parasitisation	ise	parasitization
parasitise	ise	parasitize
parasitised	ise	parasitized
parasitises	ise	parasitizes
parasitising	ise	parasitizing
parathyroidectomise	ise	parathyroidectomize
parathyroidectomised	ise	parathyroidectomized
parathyroidectomises	ise	parathyroidectomizes
parathyroidectomising	ise	parathyroidectomizing
parceled	us	parcelled
parceling	us	parcelling
parcelled	gb	parceled
parcelling	gb	parceling
parchmentise	ise	parchmentize
parchmentised	ise	parchmentized
parchmentises	ise	parchmentizes
parchmentising	ise	parchmentizing
parenthesise	ise	parenthesize
parenthesised	ise	parenthesized
parenthesises	ise	parenthesizes
parenthesising	ise	parenthesizing
parfocalise	ise	parfocalize
parlor	us	parlour
parlormaid	us	parlourmaid
parlors	us	parlours
parlour	gb	parlor
parlourmaid	gb	parlormaid
parlours	gb	parlors
parochialise	ise	parochialize
parochialised	ise	parochialized
parochialises	ise	parochializes
parochialising	ise	parochializing
partialise	ise	partialize
partialised	ise	partialized
partialises	ise	partializes
partialising	ise	partializing
particularisation	ise	particularization
particularisations	ise	particularizations
particularise	ise	particularize
particularised	ise	particularized
particularises	ise	particularizes
particularising	ise	particularizing
passivisation	ise	passivization
pasteurisation	ise	pasteurization
pasteurisations	ise	pasteurizations
pasteurise	ise	pasteurize
pasteurised	ise	pasteurized
pasteuriser	ise	pasteurizer
pasteurisers	ise	pasteurizers
pasteurises	ise	pasteurizes
pasteurising	ise	pasteurizing
pastoralise	ise	pastoralize
pastoralises	ise	pastoralizes
patrialisation	ise	patrialization
patrialisations	ise	patrializations
patrialise	ise	patrialize
patrialised	ise	patrialized
patrialises	ise	patrializes
patrialising	ise	patrializing
patronisation	ise	patronization
patronisations	ise	patronizations
patronise	ise	patronize
patronised	ise	patronized
patroniser	ise	patronizer
patronisers	ise	patronizers
patronises	ise	patronizes
patronising	ise	patronizing
patronisinglier	ise	patronizinglier
patronisingliest	ise	patronizingliest
patronisingly	ise	patronizingly
patronisings	ise	patronizings
pauperisation	ise	pauperization
pauperisations	ise	pauperizations
pauperise	ise	pauperize
pauperised	ise	pauperized
pauperises	ise	pauperizes
pauperising	ise	pauperizing
pearlise	ise	pearlize
pearlised	ise	pearlized
pearlises	ise	pearlizes
pearlising	ise	pearlizing
pectisation	ise	pectization
pectisations	ise	pectizations
pectise	ise	pectize
pectised	ise	pectized
pectises	ise	pectizes
pectising	ise	pectizing
peculiarise	ise	peculiarize
peculiarised	ise	peculiarized
peculiarises	ise	peculiarizes
peculiarising	ise	peculiarizing
pedaled	us	pedalled
pedaler	us	pedaller
pedalers	us	pedallers
pedaling	us	pedalling
pedalled	gb	pedaled
pedaller	gb	pedaler
pedallers	gb	pedalers
pedalling	gb	pedaling
pedanticise	ise	pedanticize
pedanticised	ise	pedanticized
pedanticises	ise	pedanticizes
pedanticising	ise	pedanticizing
pedantise	ise	pedantize
pedantised	ise	pedantized
pedantises	ise	pedantizes
pedantising	ise	pedantizing
peddler	us	pedlar
peddlers	us	pedlars
pedestrianisation	ise	pedestrianization
pedestrianisations	ise	pedestrianizations
pedestrianise	ise	pedestrianize
pedestrianised	ise	pedestrianized
pedestrianises	ise	pedestrianizes
pedestrianising	ise	pedestrianizing
pediatric	us	paediatric
pediatrician	us	paediatrician
pediatricians	us	paediatricians
pediatrics	us	paediatrics
pedlar	gb	peddler
pedlars	gb	peddlers
pedophile	us	paedophile
pedophiles	us	paedophiles
pedophilia	us	paedophilia
pedophilias	us	paedophilias
pelletisation	ise	pelletization
pelletisations	ise	pelletizations
pelletise	ise	pelletize
pelletised	ise	pelletized
pelletises	ise	pelletizes
pelletising	ise	pelletizing
pelorised	ise	pelorized
penalisation	ise	penalization
penalisations	ise	penalizations
penalise	ise	penalize
penalised	ise	penalized
penalises	ise	penalizes
penalising	ise	penalizing
penciled	us	pencilled
penciling	us	pencilling
pencilings	us	pencillings
pencilled	gb	penciled
pencilling	gb	penciling
pencillings	gb	pencilings
penelopise	ise	penelopize
penelopised	ise	penelopized
penelopises	ise	penelopizes
penelopising	ise	penelopizing
peptisation	ise	peptization
peptisations	ise	peptizations
peptise	ise	peptize
peptised	ise	peptized
peptises	ise	peptizes
peptising	ise	peptizing
peptonisation	ise	peptonization
peptonisations	ise	peptonizations
peptonise	ise	peptonize
peptonised	ise	peptonized
peptonises	ise	peptonizes
peptonising	ise	peptonizing
periled	us	perilled
periling	us	perilling
perilled	gb	periled
perilling	gb	periling
periodisation	ise	periodization
periodisations	ise	periodizations
peroxidise	ise	peroxidize
peroxidised	ise	peroxidized
peroxidises	ise	peroxidizes
peroxidising	ise	peroxidizing
personalisation	ise	personalization
personalisations	ise	personalizations
personalise	ise	personalize
personalised	ise	personalized
personalises	ise	personalizes
personalising	ise	personalizing
personise	ise	personize
personised	ise	personized
personises	ise	personizes
personising	ise	personizing
phagocytise	ise	phagocytize
phagocytises	ise	phagocytizes
phenomenalise	ise	phenomenalize
phenomenalised	ise	phenomenalized
phenomenalises	ise	phenomenalizes
phenomenalising	ise	phenomenalizing
phenomenise	ise	phenomenize
phenomenised	ise	phenomenized
phenomenises	ise	phenomenizes
phenomenising	ise	phenomenizing
philanthropise	ise	philanthropize
philanthropised	ise	philanthropized
philanthropises	ise	philanthropizes
philanthropising	ise	philanthropizing
philosophise	ise	philosophize
philosophised	ise	philosophized
philosophiser	ise	philosophizer
philosophisers	ise	philosophizers
philosophises	ise	philosophizes
philosophising	ise	philosophizing
philter	us	philtre
philters	us	philtres
philtre	gb	philter
philtres	gb	philters
phlebotomise	ise	phlebotomize
phlebotomised	ise	phlebotomized
phlebotomises	ise	phlebotomizes
phlebotomising	ise	phlebotomizing
phonemicisation	ise	phonemicization
phonemicisations	ise	phonemicizations
phonemicise	ise	phonemicize
phonemicised	ise	phonemicized
phonemicises	ise	phonemicizes
phonemicising	ise	phonemicizing
phoneticisation	ise	phoneticization
phoneticisations	ise	phoneticizations
phoneticise	ise	phoneticize
phoneticised	ise	phoneticized
phoneticises	ise	phoneticizes
phoneticising	ise	phoneticizing
phonetisation	ise	phonetization
phonetisations	ise	phonetizations
phonetise	ise	phonetize
phonetised	ise	phonetized
phonetises	ise	phonetizes
phonetising	ise	phonetizing
phoneys	gb	phonies
phonies	us	phoneys
phosphatisation	ise	phosphatization
phosphatisations	ise	phosphatizations
phosphatise	ise	phosphatize
phosphatised	ise	phosphatized
phosphatises	ise	phosphatizes
phosphatising	ise	phosphatizing
phosphorise	ise	phosphorize
phosphorised	ise	phosphorized
phosphorises	ise	phosphorizes
phosphorising	ise	phosphorizing
photoionisation	ise	photoionization
photoionisations	ise	photoionizations
photoisomerisation	ise	photoisomerization
photoisomerisations	ise	photoisomerizations
photosensitisation	ise	photosensitization
photosensitisations	ise	photosensitizations
photosensitise	ise	photosensitize
photosensitised	ise	photosensitized
photosensitises	ise	photosensitizes
photosensitising	ise	photosensitizing
photosynthesise	ise	photosynthesize
photosynthesised	ise	photosynthesized
photosynthesises	ise	photosynthesizes
photosynthesising	ise	photosynthesizing
phrenologise	ise	phrenologize
phrenologised	ise	phrenologized
phrenologises	ise	phrenologizes
phrenologising	ise	phrenologizing
phytohaemagglutinin	gb	phytohemagglutinin
phytohemagglutinin	us	phytohaemagglutinin
piaster	us	piastre
piasters	us	piastres
piastre	gb	piaster
piastres	gb	piasters
pictorialisation	ise	pictorialization
pictorialisations	ise	pictorializations
pictorialise	ise	pictorialize
pictorialised	ise	pictorialized
pictorialises	ise	pictorializes
pictorialising	ise	pictorializing
picturisation	ise	picturization
picturisations	ise	picturizations
picturise	ise	picturize
picturised	ise	picturized
picturises	ise	picturizes
picturising	ise	picturizing
pidginisation	ise	pidginization
pidginisations	ise	pidginizations
pidginise	ise	pidginize
pidginised	ise	pidginized
pidginises	ise	pidginizes
pidginising	ise	pidginizing
pilgrimise	ise	pilgrimize
pilgrimised	ise	pilgrimized
pilgrimises	ise	pilgrimizes
pilgrimising	ise	pilgrimizing
pillorise	ise	pillorize
pillorised	ise	pillorized
pillorises	ise	pillorizes
pillorising	ise	pillorizing
plagiarise	ise	plagiarize
plagiarised	ise	plagiarized
plagiariser	ise	plagiarizer
plagiarisers	ise	plagiarizers
plagiarises	ise	plagiarizes
plagiarising	ise	plagiarizing
plasticisation	ise	plasticization
plasticisations	ise	plasticizations
plasticise	ise	plasticize
plasticised	ise	plasticized
plasticiser	ise	plasticizer
plasticisers	ise	plasticizers
plasticises	ise	plasticizes
plasticising	ise	plasticizing
platinisation	ise	platinization
platinisations	ise	platinizations
platinise	ise	platinize
platinised	ise	platinized
platinises	ise	platinizes
platinising	ise	platinizing
platitudinise	ise	platitudinize
platitudinised	ise	platitudinized
platitudinises	ise	platitudinizes
platitudinising	ise	platitudinizing
platonise	ise	platonize
platonised	ise	platonized
platonises	ise	platonizes
platonising	ise	platonizing
plebeianise	ise	plebeianize
plebeianised	ise	plebeianized
plebeianises	ise	plebeianizes
plebeianising	ise	plebeianizing
plough	gb	plow
ploughable	gb	plowable
ploughed	gb	plowed
plougher	gb	plower
ploughers	gb	plowers
ploughing	gb	plowing
ploughman	gb	plowman
ploughmen	gb	plowmen
ploughs	gb	plows
ploughshare	gb	plowshare
ploughshares	gb	plowshares
plow	us	plough
plowable	us	ploughable
plowed	us	ploughed
plower	us	plougher
plowers	us	ploughers
plowing	us	ploughing
plowman	us	ploughman
plowmen	us	ploughmen
plows	us	ploughs
plowshare	us	ploughshare
plowshares	us	ploughshares
pluralisation	ise	pluralization
pluralisations	ise	pluralizations
pluralise	ise	pluralize
pluralised	ise	pluralized
pluralises	ise	pluralizes
pluralising	ise	pluralizing
poeticise	ise	poeticize
poeticised	ise	poeticized
poeticises	ise	poeticizes
poeticising	ise	poeticizing
poetise	ise	poetize
poetised	ise	poetized
poetises	ise	poetizes
poetising	ise	poetizing
polarisable	ise	polarizable
polarisables	ise	polarizables
polarisation	ise	polarization
polarisations	ise	polarizations
polarise	ise	polarize
polarised	ise	polarized
polariser	ise	polarizer
polarisers	ise	polarizers
polarises	ise	polarizes
polarising	ise	polarizing
polemicise	ise	polemicize
polemicised	ise	polemicized
polemicises	ise	polemicizes
polemicising	ise	polemicizing
polemise	ise	polemize
polemised	ise	polemized
polemises	ise	polemizes
polemising	ise	polemizing
politicalise	ise	politicalize
politicalises	ise	politicalizes
politicisation	ise	politicization
politicisations	ise	politicizations
politicise	ise	politicize
politicised	ise	politicized
politicises	ise	politicizes
politicising	ise	politicizing
pollinise	ise	pollinize
pollinised	ise	pollinized
pollinises	ise	pollinizes
pollinising	ise	pollinizing
polonise	ise	polonize
polonised	ise	polonized
polonises	ise	polonizes
polonising	ise	polonizing
polycythaemia	gb	polycythemia
polycythaemias	gb	polycythemias
polycythaemic	gb	polycythemic
polycythemia	us	polycythaemia
polycythemias	us	polycythaemias
polycythemic	us	polycythaemic
polyestrous	us	polyoestrous
polygamise	ise	polygamize
polygamises	ise	polygamizes
polymerisation	ise	polymerization
polymerisations	ise	polymerizations
polymerise	ise	polymerize
polymerised	ise	polymerized
polymerises	ise	polymerizes
polymerising	ise	polymerizing
polyoestrous	gb	polyestrous
polypnea	us	polypnoea
polypnoea	gb	polypnea
pommeled	us	pommelled
pommeling	us	pommelling
pommelled	gb	pommeled
pommelling	gb	pommeling
popularisation	ise	popularization
popularisations	ise	popularizations
popularise	ise	popularize
popularised	ise	popularized
populariser	ise	popularizer
popularisers	ise	popularizers
popularises	ise	popularizes
popularising	ise	popularizing
porcelainise	ise	porcelainize
porcelainised	ise	porcelainized
porcelainises	ise	porcelainizes
porcelainising	ise	porcelainizing
porcellanise	ise	porcellanize
porcellanised	ise	porcellanized
porcellanises	ise	porcellanizes
porcellanising	ise	porcellanizing
porers	us	pourers
posturise	ise	posturize
posturised	ise	posturized
posturises	ise	posturizes
posturising	ise	posturizing
potentise	ise	potentize
potentised	ise	potentized
potentises	ise	potentizes
potentising	ise	potentizing
pourers	gb	porers
powellise	ise	powellize
powellised	ise	powellized
powellises	ise	powellizes
powellising	ise	powellizing
practiced	us	practised
practicer	us	practiser
practicers	us	practisers
practicing	us	practising
practise	gb	practice
practised	gb	practiced
practiser	gb	practicer
practisers	gb	practicers
practises	gb	practices
practising	gb	practicing
pragmatisation	ise	pragmatization
pragmatisations	ise	pragmatizations
pragmatise	ise	pragmatize
pragmatised	ise	pragmatized
pragmatises	ise	pragmatizes
pragmatising	ise	pragmatizing
preanaesthetic	gb	preanesthetic
preanaesthetics	gb	preanesthetics
preanesthetic	us	preanaesthetic
preanesthetics	us	preanaesthetics
precivilisation	ise	precivilization
precivilisations	ise	precivilizations
preconisation	ise	preconization
preconisations	ise	preconizations
preconise	ise	preconize
preconised	ise	preconized
preconises	ise	preconizes
preconising	ise	preconizing
prejudgement	gb	prejudgment
prejudgements	gb	prejudgments
prelatise	ise	prelatize
prelatised	ise	prelatized
prelatises	ise	prelatizes
prelatising	ise	prelatizing
presidia	us	presidiums
pressurisation	ise	pressurization
pressurisations	ise	pressurizations
pressurise	ise	pressurize
pressurised	ise	pressurized
pressurises	ise	pressurizes
pressurising	ise	pressurizing
pretence	gb	pretense
pretences	gb	pretenses
pretense	us	pretence
pretenses	us	pretences
preterit	us	preterite
preterits	us	preterites
primaeval	gb	primeval
primaevally	gb	primevally
prioritisation	ise	prioritization
prioritisations	ise	prioritizations
prioritise	ise	prioritize
prioritised	ise	prioritized
prioritises	ise	prioritizes
prioritising	ise	prioritizing
prioritisings	ise	prioritizings
prise	gb	prize
prised	gb	prized
priser	gb	prizer
prisers	gb	prizers
prises	gb	prizes
prising	gb	prizing
privatisation	ise	privatization
privatisations	ise	privatizations
privatise	ise	privatize
privatised	ise	privatized
privatises	ise	privatizes
privatising	ise	privatizing
proctorise	ise	proctorize
proctorised	ise	proctorized
proctorises	ise	proctorizes
proctorising	ise	proctorizing
prodigalise	ise	prodigalize
prodigalised	ise	prodigalized
prodigalises	ise	prodigalizes
prodigalising	ise	prodigalizing
professionalisation	ise	professionalization
professionalisations	ise	professionalizations
professionalise	ise	professionalize
professionalised	ise	professionalized
professionalises	ise	professionalizes
professionalising	ise	professionalizing
programed	us	programmed
programing	us	programming
programme	gb	program
programmes	gb	programs
projectisation	ise	projectization
projectisations	ise	projectizations
proletarianisation	ise	proletarianization
proletarianisations	ise	proletarianizations
proletarianise	ise	proletarianize
proletarianised	ise	proletarianized
proletarianises	ise	proletarianizes
proletarianising	ise	proletarianizing
prologise	ise	prologize
prologised	ise	prologized
prologises	ise	prologizes
prologising	ise	prologizing
prologuise	ise	prologuize
prologuised	ise	prologuized
prologuises	ise	prologuizes
prologuising	ise	prologuizing
pronominalisation	ise	pronominalization
propagandise	ise	propagandize
propagandised	ise	propagandized
propagandises	ise	propagandizes
propagandising	ise	propagandizing
propylitisation	ise	propylitization
propylitisations	ise	propylitizations
propylitise	ise	propylitize
propylitised	ise	propylitized
propylitises	ise	propylitizes
propylitising	ise	propylitizing
proselytisation	ise	proselytization
proselytisations	ise	proselytizations
proselytise	ise	proselytize
proselytised	ise	proselytized
proselytiser	ise	proselytizer
proselytisers	ise	proselytizers
proselytises	ise	proselytizes
proselytising	ise	proselytizing
protocolise	ise	protocolize
protocolised	ise	protocolized
protocolises	ise	protocolizes
protocolising	ise	protocolizing
proverbialise	ise	proverbialize
proverbialised	ise	proverbialized
proverbialises	ise	proverbializes
proverbialising	ise	proverbializing
provincialisation	ise	provincialization
provincialisations	ise	provincializations
provincialise	ise	provincialize
provincialised	ise	provincialized
provincialises	ise	provincializes
provincialising	ise	provincializing
prussianisation	ise	prussianization
prussianise	ise	prussianize
prussianised	ise	prussianized
prussianises	ise	prussianizes
prussianising	ise	prussianizing
psalmodise	ise	psalmodize
psalmodised	ise	psalmodized
psalmodises	ise	psalmodizes
psalmodising	ise	psalmodizing
psychoanalyse	gb	psychoanalyze
psychoanalysed	gb	psychoanalyzed
psychoanalysing	gb	psychoanalyzing
psychoanalyze	us	psychoanalyse
psychoanalyzed	us	psychoanalysed
psychoanalyzes	us	psychoanalyses
psychoanalyzing	us	psychoanalysing
psychologise	ise	psychologize
psychologised	ise	psychologized
psychologises	ise	psychologizes
psychologising	ise	psychologizing
ptyalise	ise	ptyalize
ptyalised	ise	ptyalized
ptyalises	ise	ptyalizes
ptyalising	ise	ptyalizing
publicise	ise	publicize
publicised	ise	publicized
publicises	ise	publicizes
publicising	ise	publicizing
pulverisation	ise	pulverization
pulverisations	ise	pulverizations
pulverise	ise	pulverize
pulverised	ise	pulverized
pulveriser	ise	pulverizer
pulverisers	ise	pulverizers
pulverises	ise	pulverizes
pulverising	ise	pulverizing
pummeled	us	pummelled
pummeling	us	pummelling
pummelled	gb	pummeled
pummelling	gb	pummeling
puritanise	ise	puritanize
puritanised	ise	puritanized
puritanises	ise	puritanizes
puritanising	ise	puritanizing
pyaemia	gb	pyemia
pyaemias	gb	pyemias
pyaemic	gb	pyemic
pyemia	us	pyaemia
pyemias	us	pyaemias
pyemic	us	pyaemic
pyjama	gb	pajama
pyjamas	gb	pajamas
pyorrhea	us	pyorrhoea
pyorrheal	us	pyorrhoeal
pyorrhealer	us	pyorrhoealer
pyorrhealest	us	pyorrhoealest
pyorrheas	us	pyorrhoeas
pyorrhoea	gb	pyorrhea
pyorrhoeal	gb	pyorrheal
pyorrhoealer	gb	pyorrhealer
pyorrhoealest	gb	pyorrhealest
pyorrhoeas	gb	pyorrheas
pyritise	ise	pyritize
pyritised	ise	pyritized
pyritises	ise	pyritizes
pyritising	ise	pyritizing
pyrolyse	gb	pyrolyze
pyrolysed	gb	pyrolyzed
pyrolysing	gb	pyrolyzing
pyrolyze	us	pyrolyse
pyrolyzed	us	pyrolysed
pyrolyzes	us	pyrolyses
pyrolyzing	us	pyrolysing
quantisation	ise	quantization
quantisations	ise	quantizations
quantise	ise	quantize
quantised	ise	quantized
quantises	ise	quantizes
quantising	ise	quantizing
quarreled	us	quarrelled
quarreler	us	quarreller
quarrelers	us	quarrellers
quarreling	us	quarrelling
quarrelled	gb	quarreled
quarreller	gb	quarreler
quarrellers	gb	quarrelers
quarrelling	gb	quarreling
queueing	gb	queuing
quintessentialise	ise	quintessentialize
quintessentialised	ise	quintessentialized
quintessentialises	ise	quintessentializes
quintessentialising	ise	quintessentializing
racemisation	ise	racemization
racemisations	ise	racemizations
racemise	ise	racemize
racemised	ise	racemized
racemises	ise	racemizes
racemising	ise	racemizing
racialisation	ise	racialization
racialisations	ise	racializations
racialise	ise	racialize
racialises	ise	racializes
radialisation	ise	radialization
radialisations	ise	radializations
radialise	ise	radialize
radialised	ise	radialized
radialises	ise	radializes
radialising	ise	radializing
radicalisation	ise	radicalization
radicalisations	ise	radicalizations
radicalise	ise	radicalize
radicalised	ise	radicalized
radicalises	ise	radicalizes
radicalising	ise	radicalizing
radiosensitise	ise	radiosensitize
radiosensitised	ise	radiosensitized
radiosensitises	ise	radiosensitizes
radiosensitising	ise	radiosensitizing
rancor	us	rancour
rancors	us	rancours
rancour	gb	rancor
rancours	gb	rancors
randomisation	ise	randomization
randomisations	ise	randomizations
randomise	ise	randomize
randomised	ise	randomized
randomises	ise	randomizes
randomising	ise	randomizing
rapturise	ise	rapturize
rapturised	ise	rapturized
rapturises	ise	rapturizes
rapturising	ise	rapturizing
rationalisation	ise	rationalization
rationalisations	ise	rationalizations
rationalise	ise	rationalize
rationalised	ise	rationalized
rationaliser	ise	rationalizer
rationalisers	ise	rationalizers
rationalises	ise	rationalizes
rationalising	ise	rationalizing
raveled	us	ravelled
raveling	us	ravelling
ravelings	us	ravellings
ravelled	gb	raveled
ravelling	gb	raveling
ravellings	gb	ravelings
reacclimatise	ise	reacclimatize
reacclimatised	ise	reacclimatized
reacclimatises	ise	reacclimatizes
reacclimatising	ise	reacclimatizing
realisabilities	ise	realizabilities
realisability	ise	realizability
realisable	ise	realizable
realisabler	ise	realizabler
realisables	ise	realizables
realisablest	ise	realizablest
realisation	ise	realization
realisations	ise	realizations
realise	ise	realize
realised	ise	realized
realiser	ise	realizer
realisers	ise	realizers
realises	ise	realizes
realising	ise	realizing
realisings	ise	realizings
reanalyse	gb	reanalyze
reanalysed	gb	reanalyzed
reanalysing	gb	reanalyzing
reanalyze	us	reanalyse
reanalyzed	us	reanalysed
reanalyzes	us	reanalyses
reanalyzing	us	reanalysing
reauthorisation	ise	reauthorization
reauthorisations	ise	reauthorizations
reauthorise	ise	reauthorize
reauthorises	ise	reauthorizes
rebaptise	ise	rebaptize
rebaptised	ise	rebaptized
rebaptises	ise	rebaptizes
rebaptising	ise	rebaptizing
recanalisation	ise	recanalization
recapitalisation	ise	recapitalization
recapitalisations	ise	recapitalizations
recapitalise	ise	recapitalize
recapitalised	ise	recapitalized
recapitalises	ise	recapitalizes
recapitalising	ise	recapitalizing
recentralisation	ise	recentralization
recentralisations	ise	recentralizations
recognisability	ise	recognizability
recognisable	ise	recognizable
recognisabler	ise	recognizabler
recognisablest	ise	recognizablest
recognisably	ise	recognizably
recognisance	ise	recognizance
recognisances	ise	recognizances
recognise	ise	recognize
recognised	ise	recognized
recogniser	ise	recognizer
recognisers	ise	recognizers
recognises	ise	recognizes
recognising	ise	recognizing
recolonisation	ise	recolonization
recolonisations	ise	recolonizations
recolonise	ise	recolonize
recolonised	ise	recolonized
recolonises	ise	recolonizes
recolonising	ise	recolonizing
reconceptualisation	ise	reconceptualization
reconceptualising	ise	reconceptualizing
reconnoiter	us	reconnoitre
reconnoitered	us	reconnoitred
reconnoitering	us	reconnoitring
reconnoiters	us	reconnoitres
reconnoitre	gb	reconnoiter
reconnoitred	gb	reconnoitered
reconnoitres	gb	reconnoiters
reconnoitring	gb	reconnoitering
recrystallisation	ise	recrystallization
recrystallisations	ise	recrystallizations
recrystallise	ise	recrystallize
recrystallised	ise	recrystallized
recrystallises	ise	recrystallizes
recrystallising	ise	recrystallizing
redialed	us	redialled
redialing	us	redialling
redialled	gb	redialed
redialling	gb	redialing
reemphasise	ise	reemphasize
reemphasised	ise	reemphasized
reemphasises	ise	reemphasizes
reemphasising	ise	reemphasizing
reflectorise	ise	reflectorize
reflectorised	ise	reflectorized
reflectorises	ise	reflectorizes
reflectorising	ise	reflectorizing
refueled	us	refuelled
refueling	us	refuelling
refuelled	gb	refueled
refuelling	gb	refueling
regionalisation	ise	regionalization
regionalisations	ise	regionalizations
regionalise	ise	regionalize
regionalised	ise	regionalized
regionalises	ise	regionalizes
regionalising	ise	regionalizing
regularisation	ise	regularization
regularisations	ise	regularizations
regularise	ise	regularize
regularised	ise	regularized
regularises	ise	regularizes
regularising	ise	regularizing
regulise	ise	regulize
regulised	ise	regulized
regulises	ise	regulizes
regulising	ise	regulizing
rehumanise	ise	rehumanize
rehumanises	ise	rehumanizes
reindustrialisation	ise	reindustrialization
reindustrialisations	ise	reindustrializations
reindustrialise	ise	reindustrialize
reindustrialised	ise	reindustrialized
reindustrialises	ise	reindustrializes
reindustrialising	ise	reindustrializing
reinitialise	ise	reinitialize
reinitialised	ise	reinitialized
reinitialises	ise	reinitializes
reinitialising	ise	reinitializing
rejuvenise	ise	rejuvenize
rejuvenised	ise	rejuvenized
rejuvenises	ise	rejuvenizes
rejuvenising	ise	rejuvenizing
relativisation	ise	relativization
relativisations	ise	relativizations
relativise	ise	relativize
relativised	ise	relativized
relativises	ise	relativizes
relativising	ise	relativizing
religionise	ise	religionize
religionised	ise	religionized
religionises	ise	religionizes
religionising	ise	religionizing
rematerialise	ise	rematerialize
rematerialised	ise	rematerialized
rematerialises	ise	rematerializes
remilitarisation	ise	remilitarization
remilitarisations	ise	remilitarizations
remilitarise	ise	remilitarize
remilitarised	ise	remilitarized
remilitarises	ise	remilitarizes
remilitarising	ise	remilitarizing
remineralisation	ise	remineralization
remineralisations	ise	remineralizations
remineralise	ise	remineralize
remineralised	ise	remineralized
remineralises	ise	remineralizes
remineralising	ise	remineralizing
remobilisation	ise	remobilization
remobilisations	ise	remobilizations
remobilise	ise	remobilize
remobilises	ise	remobilizes
remodeled	us	remodelled
remodeling	us	remodelling
remodelled	gb	remodeled
remodelling	gb	remodeling
remold	us	remould
remolded	us	remoulded
remolding	us	remoulding
remolds	us	remoulds
remonetisation	ise	remonetization
remonetisations	ise	remonetizations
remonetise	ise	remonetize
remonetised	ise	remonetized
remonetises	ise	remonetizes
remonetising	ise	remonetizing
remoralisation	ise	remoralization
remoralisations	ise	remoralizations
remoralise	ise	remoralize
remoralised	ise	remoralized
remoralises	ise	remoralizes
remoralising	ise	remoralizing
remould	gb	remold
remoulded	gb	remolded
remoulding	gb	remolding
remoulds	gb	remolds
renationalise	ise	renationalize
renationalised	ise	renationalized
renationalises	ise	renationalizes
renationalising	ise	renationalizing
renormalisation	ise	renormalization
renormalisations	ise	renormalizations
renormalise	ise	renormalize
renormalised	ise	renormalized
renormalises	ise	renormalizes
renormalising	ise	renormalizing
reorganisation	ise	reorganization
reorganisations	ise	reorganizations
reorganise	ise	reorganize
reorganised	ise	reorganized
reorganiser	ise	reorganizer
reorganisers	ise	reorganizers
reorganises	ise	reorganizes
reorganising	ise	reorganizing
reoxidise	ise	reoxidize
reoxidised	ise	reoxidized
reoxidises	ise	reoxidizes
reoxidising	ise	reoxidizing
repopularise	ise	repopularize
reprivatisation	ise	reprivatization
reprivatisations	ise	reprivatizations
reprivatise	ise	reprivatize
reprivatised	ise	reprivatized
reprivatises	ise	reprivatizes
reprivatising	ise	reprivatizing
reprogramme	gb	reprogram
reprogrammes	gb	reprograms
republicanisation	ise	republicanization
republicanisations	ise	republicanizations
republicanise	ise	republicanize
republicanised	ise	republicanized
republicanises	ise	republicanizes
republicanising	ise	republicanizing
reseise	ise	reseize
resensitise	ise	resensitize
resensitises	ise	resensitizes
resinise	ise	resinize
resinised	ise	resinized
resinises	ise	resinizes
resinising	ise	resinizing
respectabilise	ise	respectabilize
respectabilised	ise	respectabilized
respectabilises	ise	respectabilizes
respectabilising	ise	respectabilizing
resterilise	ise	resterilize
resterilises	ise	resterilizes
resurrectionise	ise	resurrectionize
resurrectionised	ise	resurrectionized
resurrectionises	ise	resurrectionizes
resurrectionising	ise	resurrectionizing
resynchronisation	ise	resynchronization
resynchronisations	ise	resynchronizations
resynchronise	ise	resynchronize
resynchronised	ise	resynchronized
resynchronises	ise	resynchronizes
resynchronising	ise	resynchronizing
resynthesise	ise	resynthesize
resynthesises	ise	resynthesizes
reutilisation	ise	reutilization
reutilise	ise	reutilize
reutilised	ise	reutilized
reutilises	ise	reutilizes
reutilising	ise	reutilizing
revalorisation	ise	revalorization
revalorisations	ise	revalorizations
revalorise	ise	revalorize
revalorised	ise	revalorized
revalorises	ise	revalorizes
revalorising	ise	revalorizing
reveled	us	revelled
reveler	us	reveller
revelers	us	revellers
reveling	us	revelling
revelings	us	revellings
revelled	gb	reveled
reveller	gb	reveler
revellers	gb	revelers
revelling	gb	reveling
revellings	gb	revelings
revisualisation	ise	revisualization
revisualisations	ise	revisualizations
revisualise	ise	revisualize
revisualises	ise	revisualizes
revitalisation	ise	revitalization
revitalisations	ise	revitalizations
revitalise	ise	revitalize
revitalised	ise	revitalized
revitalises	ise	revitalizes
revitalising	ise	revitalizing
revolutionise	ise	revolutionize
revolutionised	ise	revolutionized
revolutionises	ise	revolutionizes
revolutionising	ise	revolutionizing
rhapsodise	ise	rhapsodize
rhapsodised	ise	rhapsodized
rhapsodises	ise	rhapsodizes
rhapsodising	ise	rhapsodizing
rhetorise	ise	rhetorize
rhetorised	ise	rhetorized
rhetorises	ise	rhetorizes
rhetorising	ise	rhetorizing
rheumatise	ise	rheumatize
rheumatised	ise	rheumatized
rheumatises	ise	rheumatizes
rheumatising	ise	rheumatizing
rhinorrhea	us	rhinorrhoea
rhinorrheal	us	rhinorrhoeal
rhinorrhoea	gb	rhinorrhea
rhinorrhoeal	gb	rhinorrheal
rhodanise	ise	rhodanize
rhodanised	ise	rhodanized
rhodanises	ise	rhodanizes
rhodanising	ise	rhodanizing
rhotacise	ise	rhotacize
rhotacised	ise	rhotacized
rhotacises	ise	rhotacizes
rhotacising	ise	rhotacizing
rhythmisation	ise	rhythmization
rhythmisations	ise	rhythmizations
rhythmise	ise	rhythmize
rhythmised	ise	rhythmized
rhythmises	ise	rhythmizes
rhythmising	ise	rhythmizing
rigidise	ise	rigidize
rigidised	ise	rigidized
rigidises	ise	rigidizes
rigidising	ise	rigidizing
rigour	gb	rigor
rigours	gb	rigors
ritualisation	ise	ritualization
ritualisations	ise	ritualizations
ritualise	ise	ritualize
ritualised	ise	ritualized
ritualises	ise	ritualizes
ritualising	ise	ritualizing
rivaled	us	rivalled
rivaling	us	rivalling
rivalise	ise	rivalize
rivalised	ise	rivalized
rivalises	ise	rivalizes
rivalising	ise	rivalizing
rivalled	gb	rivaled
rivalling	gb	rivaling
robotisation	ise	robotization
robotisations	ise	robotizations
robotise	ise	robotize
robotised	ise	robotized
robotises	ise	robotizes
robotising	ise	robotizing
roentgenise	ise	roentgenize
romanise	ise	romanize
romanised	ise	romanized
romanises	ise	romanizes
romanising	ise	romanizing
romanticisation	ise	romanticization
romanticisations	ise	romanticizations
romanticise	ise	romanticize
romanticised	ise	romanticized
romanticises	ise	romanticizes
romanticising	ise	romanticizing
routinisation	ise	routinization
routinisations	ise	routinizations
routinise	ise	routinize
routinised	ise	routinized
routinises	ise	routinizes
routinising	ise	routinizing
roweled	us	rowelled
roweling	us	rowelling
rowelled	gb	roweled
rowelling	gb	roweling
royalise	ise	royalize
royalised	ise	royalized
royalises	ise	royalizes
royalising	ise	royalizing
rubberise	ise	rubberize
rubberised	ise	rubberized
rubberises	ise	rubberizes
rubberising	ise	rubberizing
ruggedisation	ise	ruggedization
ruggedisations	ise	ruggedizations
ruggedise	ise	ruggedize
ruggedised	ise	ruggedized
ruggedises	ise	ruggedizes
ruggedising	ise	ruggedizing
rumor	us	rumour
rumored	us	rumoured
rumoring	us	rumouring
rumors	us	rumours
rumour	gb	rumor
rumoured	gb	rumored
rumouring	gb	rumoring
rumours	gb	rumors
ruralisation	ise	ruralization
ruralisations	ise	ruralizations
ruralise	ise	ruralize
ruralised	ise	ruralized
ruralises	ise	ruralizes
ruralising	ise	ruralizing
russianisation	ise	russianization
russianise	ise	russianize
rusticise	ise	rusticize
rusticised	ise	rusticized
rusticises	ise	rusticizes
rusticising	ise	rusticizing
sabbatise	ise	sabbatize
sabbatised	ise	sabbatized
sabbatises	ise	sabbatizes
sabbatising	ise	sabbatizing
saber	us	sabre
sabered	us	sabred
sabering	us	sabring
sabers	us	sabres
saccharisation	ise	saccharization
saccharisations	ise	saccharizations
saccharise	ise	saccharize
saccharised	ise	saccharized
saccharises	ise	saccharizes
saccharising	ise	saccharizing
sacerdotalise	ise	sacerdotalize
sacerdotalised	ise	sacerdotalized
sacerdotalises	ise	sacerdotalizes
sacerdotalising	ise	sacerdotalizing
sacralisation	ise	sacralization
sacralisations	ise	sacralizations
sacralise	ise	sacralize
sacralised	ise	sacralized
sacralises	ise	sacralizes
sacralising	ise	sacralizing
salable	us	saleable
salabler	us	saleabler
salablest	us	saleablest
salinisation	ise	salinization
salinise	ise	salinize
salinises	ise	salinizes
saltpeter	us	saltpetre
saltpeters	us	saltpetres
saltpetre	gb	saltpeter
saltpetres	gb	saltpeters
sanctuarise	ise	sanctuarize
sanctuarised	ise	sanctuarized
sanctuarises	ise	sanctuarizes
sanctuarising	ise	sanctuarizing
sandaled	us	sandalled
sandaling	us	sandalling
sandalled	gb	sandaled
sandalling	gb	sandaling
sanitisation	ise	sanitization
sanitisations	ise	sanitizations
sanitise	ise	sanitize
sanitised	ise	sanitized
sanitiser	ise	sanitizer
sanitisers	ise	sanitizers
sanitises	ise	sanitizes
sanitising	ise	sanitizing
sapraemia	gb	sapremia
sapraemias	gb	sapremias
sapraemic	gb	sapremic
sapremia	us	sapraemia
sapremias	us	sapraemias
sapremic	us	sapraemic
satellitise	ise	satellitize
satellitised	ise	satellitized
satellitises	ise	satellitizes
satellitising	ise	satellitizing
satirisation	ise	satirization
satirise	ise	satirize
satirised	ise	satirized
satirises	ise	satirizes
satirising	ise	satirizing
savior	us	saviour
saviors	us	saviours
saviour	gb	savior
saviours	gb	saviors
savor	us	savour
savored	us	savoured
savorier	us	savourier
savories	us	savouries
savoriest	us	savouriest
savorilies	us	savourilies
savorily	us	savourily
savoriness	us	savouriness
savorinesses	us	savourinesses
savoring	us	savouring
savorless	us	savourless
savorlesser	us	savourlesser
savorlessest	us	savourlessest
savors	us	savours
savory	us	savoury
savour	gb	savor
savoured	gb	savored
savourier	gb	savorier
savouries	gb	savories
savouriest	gb	savoriest
savourilies	gb	savorilies
savourily	gb	savorily
savouriness	gb	savoriness
savourinesses	gb	savorinesses
savouring	gb	savoring
savourless	gb	savorless
savourlesser	gb	savorlesser
savourlessest	gb	savorlessest
savours	gb	savors
savoury	gb	savory
scandalisation	ise	scandalization
scandalisations	ise	scandalizations
scandalise	ise	scandalize
scandalised	ise	scandalized
scandalises	ise	scandalizes
scandalising	ise	scandalizing
scenarisation	ise	scenarization
scenarisations	ise	scenarizations
scenarise	ise	scenarize
scenarised	ise	scenarized
scenarises	ise	scenarizes
scenarising	ise	scenarizing
scepter	us	sceptre
sceptered	us	sceptred
sceptering	us	sceptring
scepters	us	sceptres
sceptic	gb	skeptic
sceptical	gb	skeptical
scepticaler	gb	skepticaler
scepticalest	gb	skepticalest
sceptically	gb	skeptically
scepticer	gb	skepticer
scepticest	gb	skepticest
scepticism	gb	skepticism
scepticisms	gb	skepticisms
sceptics	gb	skeptics
sceptre	gb	scepter
sceptred	gb	sceptered
sceptres	gb	scepters
sceptring	gb	sceptering
schematisation	ise	schematization
schematisations	ise	schematizations
schematise	ise	schematize
schematised	ise	schematized
schematises	ise	schematizes
schematising	ise	schematizing
schillerisation	ise	schillerization
schillerisations	ise	schillerizations
schillerise	ise	schillerize
schillerised	ise	schillerized
schillerises	ise	schillerizes
schillerising	ise	schillerizing
schismatise	ise	schismatize
schismatised	ise	schismatized
schismatises	ise	schismatizes
schismatising	ise	schismatizing
scientise	ise	scientize
scientised	ise	scientized
scientises	ise	scientizes
scientising	ise	scientizing
sclerotisation	ise	sclerotization
sclerotise	ise	sclerotize
sclerotised	ise	sclerotized
sclerotises	ise	sclerotizes
sclerotising	ise	sclerotizing
scrutinisation	ise	scrutinization
scrutinisations	ise	scrutinizations
scrutinise	ise	scrutinize
scrutinised	ise	scrutinized
scrutiniser	ise	scrutinizer
scrutinisers	ise	scrutinizers
scrutinises	ise	scrutinizes
scrutinising	ise	scrutinizing
seborrhea	us	seborrhoea
seborrheas	us	seborrhoeas
seborrheic	us	seborrhoeic
seborrhoea	gb	seborrhea
seborrhoeas	gb	seborrheas
seborrhoeic	gb	seborrheic
sectarianise	ise	sectarianize
sectarianised	ise	sectarianized
sectarianises	ise	sectarianizes
sectarianising	ise	sectarianizing
sectionalisation	ise	sectionalization
sectionalisations	ise	sectionalizations
sectionalise	ise	sectionalize
sectionalised	ise	sectionalized
sectionalises	ise	sectionalizes
sectionalising	ise	sectionalizing
sectionisation	ise	sectionization
sectionisations	ise	sectionizations
sectionise	ise	sectionize
sectionised	ise	sectionized
sectionises	ise	sectionizes
sectionising	ise	sectionizing
sectorisation	ise	sectorization
sectorisations	ise	sectorizations
sectorise	ise	sectorize
sectorised	ise	sectorized
sectorises	ise	sectorizes
sectorising	ise	sectorizing
secularisation	ise	secularization
secularisations	ise	secularizations
secularise	ise	secularize
secularised	ise	secularized
secularises	ise	secularizes
secularising	ise	secularizing
securitisation	ise	securitization
securitisations	ise	securitizations
securitise	ise	securitize
securitised	ise	securitized
securitises	ise	securitizes
securitising	ise	securitizing
seiser	ise	seizer
seisers	ise	seizers
semicivilised	ise	semicivilized
sensationalise	ise	sensationalize
sensationalised	ise	sensationalized
sensationalises	ise	sensationalizes
sensationalising	ise	sensationalizing
sensitisation	ise	sensitization
sensitisations	ise	sensitizations
sensitise	ise	sensitize
sensitised	ise	sensitized
sensitiser	ise	sensitizer
sensitisers	ise	sensitizers
sensitises	ise	sensitizes
sensitising	ise	sensitizing
sensualisation	ise	sensualization
sensualisations	ise	sensualizations
sensualise	ise	sensualize
sensualised	ise	sensualized
sensualises	ise	sensualizes
sensualising	ise	sensualizing
sentimentalisation	ise	sentimentalization
sentimentalisations	ise	sentimentalizations
sentimentalise	ise	sentimentalize
sentimentalised	ise	sentimentalized
sentimentalises	ise	sentimentalizes
sentimentalising	ise	sentimentalizing
septicaemia	gb	septicemia
septicaemias	gb	septicemias
septicaemic	gb	septicemic
septicemia	us	septicaemia
septicemias	us	septicaemias
septicemic	us	septicaemic
sepulcher	us	sepulchre
sepulchered	us	sepulchred
sepulchering	us	sepulchring
sepulchers	us	sepulchres
sepulchre	gb	sepulcher
sepulchred	gb	sepulchered
sepulchres	gb	sepulchers
sepulchring	gb	sepulchering
serialisation	ise	serialization
serialisations	ise	serializations
serialise	ise	serialize
serialised	ise	serialized
serialises	ise	serializes
serialising	ise	serializing
sericitisation	ise	sericitization
sericitisations	ise	sericitizations
sermonise	ise	sermonize
sermonised	ise	sermonized
sermoniser	ise	sermonizer
sermonisers	ise	sermonizers
sermonises	ise	sermonizes
sermonising	ise	sermonizing
serpentinisation	ise	serpentinization
serpentinisations	ise	serpentinizations
serpentinise	ise	serpentinize
serpentinised	ise	serpentinized
serpentinises	ise	serpentinizes
serpentinising	ise	serpentinizing
serpentise	ise	serpentize
serpentised	ise	serpentized
serpentises	ise	serpentizes
serpentising	ise	serpentizing
sexualisation	ise	sexualization
sexualisations	ise	sexualizations
sexualise	ise	sexualize
sexualised	ise	sexualized
sexualises	ise	sexualizes
sexualising	ise	sexualizing
sherardise	ise	sherardize
sherardised	ise	sherardized
sherardises	ise	sherardizes
sherardising	ise	sherardizing
shoveled	us	shovelled
shoveler	us	shoveller
shovelers	us	shovellers
shoveling	us	shovelling
shovelled	gb	shoveled
shoveller	gb	shoveler
shovellers	gb	shovelers
shovelling	gb	shoveling
shriveled	us	shrivelled
shriveling	us	shrivelling
shrivelled	gb	shriveled
shrivelling	gb	shriveling
sialorrhea	us	sialorrhoea
sialorrhoea	gb	sialorrhea
signaled	us	signalled
signaler	us	signaller
signalers	us	signallers
signaling	us	signalling
signalisation	ise	signalization
signalise	ise	signalize
signalised	ise	signalized
signalises	ise	signalizes
signalising	ise	signalizing
signalled	gb	signaled
signaller	gb	signaler
signallers	gb	signalers
signalling	gb	signaling
silverise	ise	silverize
silverised	ise	silverized
silverises	ise	silverizes
silverising	ise	silverizing
similise	ise	similize
similised	ise	similized
similises	ise	similizes
similising	ise	similizing
simonise	ise	simonize
singularisation	ise	singularization
singularisations	ise	singularizations
singularise	ise	singularize
singularised	ise	singularized
singularises	ise	singularizes
singularising	ise	singularizing
sinicise	ise	sinicize
sinicised	ise	sinicized
sinicises	ise	sinicizes
sinicising	ise	sinicizing
sirenise	ise	sirenize
sirenised	ise	sirenized
sirenises	ise	sirenizes
sirenising	ise	sirenizing
sizably	us	sizeably
skeletonise	ise	skeletonize
skeletonised	ise	skeletonized
skeletonises	ise	skeletonizes
skeletonising	ise	skeletonizing
skeptic	us	sceptic
skeptical	us	sceptical
skepticaler	us	scepticaler
skepticalest	us	scepticalest
skeptically	us	sceptically
skepticer	us	scepticer
skepticest	us	scepticest
skepticism	us	scepticism
skepticisms	us	scepticisms
skeptics	us	sceptics
slenderise	ise	slenderize
slenderised	ise	slenderized
slenderises	ise	slenderizes
slenderising	ise	slenderizing
slier	us	slyer
sliest	us	slyest
sloganise	ise	sloganize
sloganised	ise	sloganized
sloganises	ise	sloganizes
sloganising	ise	sloganizing
sluggardise	ise	sluggardize
sluggardised	ise	sluggardized
sluggardises	ise	sluggardizes
sluggardising	ise	sluggardizing
smolder	us	smoulder
smoldered	us	smouldered
smoldering	us	smouldering
smolders	us	smoulders
sniveled	us	snivelled
sniveler	us	sniveller
snivelers	us	snivellers
sniveling	us	snivelling
snivelings	us	snivellings
snivelled	gb	sniveled
sniveller	gb	sniveler
snivellers	gb	snivelers
snivelling	gb	sniveling
snivellings	gb	snivelings
snorkeled	us	snorkelled
snorkeling	us	snorkelling
snorkelled	gb	snorkeled
snorkelling	gb	snorkeling
snowplough	gb	snowplow
snowploughs	gb	snowplows
snowplow	us	snowplough
snowplows	us	snowploughs
soberise	ise	soberize
soberised	ise	soberized
soberises	ise	soberizes
soberising	ise	soberizing
socialisation	ise	socialization
socialisations	ise	socializations
socialise	ise	socialize
socialised	ise	socialized
socialises	ise	socializes
socialising	ise	socializing
sodomise	ise	sodomize
sodomised	ise	sodomized
sodomises	ise	sodomizes
sodomising	ise	sodomizing
solarisation	ise	solarization
solarisations	ise	solarizations
solarise	ise	solarize
solarised	ise	solarized
solarises	ise	solarizes
solarising	ise	solarizing
solecise	ise	solecize
solecised	ise	solecized
solecises	ise	solecizes
solecising	ise	solecizing
solemnisation	ise	solemnization
solemnisations	ise	solemnizations
solemnise	ise	solemnize
solemnised	ise	solemnized
solemnises	ise	solemnizes
solemnising	ise	solemnizing
soliloquise	ise	soliloquize
soliloquised	ise	soliloquized
soliloquises	ise	soliloquizes
soliloquising	ise	soliloquizing
soliloquisings	ise	soliloquizings
solmisation	ise	solmization
solmisations	ise	solmizations
solonisation	ise	solonization
solonisations	ise	solonizations
solubilisation	ise	solubilization
solubilisations	ise	solubilizations
solubilise	ise	solubilize
solubilised	ise	solubilized
solubilises	ise	solubilizes
solubilising	ise	solubilizing
somber	us	sombre
somberer	us	sombrer
somberest	us	sombrest
somberly	us	sombrely
somberness	us	sombreness
sombernesses	us	sombrenesses
somniloquise	ise	somniloquize
somniloquised	ise	somniloquized
somniloquises	ise	somniloquizes
somniloquising	ise	somniloquizing
sonnetise	ise	sonnetize
sonnetised	ise	sonnetized
sonnetises	ise	sonnetizes
sonnetising	ise	sonnetizing
sorbitisation	ise	sorbitization
sorbitisations	ise	sorbitizations
sorbitise	ise	sorbitize
sorbitised	ise	sorbitized
sorbitises	ise	sorbitizes
sorbitising	ise	sorbitizing
sororise	ise	sororize
sororised	ise	sororized
sororises	ise	sororizes
sororising	ise	sororizing
southernise	ise	southernize
southernised	ise	southernized
southernises	ise	southernizes
southernising	ise	southernizing
sovietisation	ise	sovietization
sovietisations	ise	sovietizations
sovietise	ise	sovietize
sovietised	ise	sovietized
sovietises	ise	sovietizes
sovietising	ise	sovietizing
spanaemia	gb	spanemia
spanaemic	gb	spanemic
spanemia	us	spanaemia
spanemic	us	spanaemic
spaniolise	ise	spaniolize
spaniolised	ise	spaniolized
spaniolises	ise	spaniolizes
spaniolising	ise	spaniolizing
specialisation	ise	specialization
specialisations	ise	specializations
specialise	ise	specialize
specialised	ise	specialized
specialises	ise	specializes
specialising	ise	specializing
specialities	gb	specialties
speciality	gb	specialty
specter	us	spectre
specters	us	spectres
spectre	gb	specter
spectres	gb	specters
spermatorrhea	us	spermatorrhoea
spermatorrheas	us	spermatorrhoeas
spermatorrhoea	gb	spermatorrhea
spermatorrhoeas	gb	spermatorrheas
spheroidisation	ise	spheroidization
spheroidisations	ise	spheroidizations
spheroidise	ise	spheroidize
spheroidised	ise	spheroidized
spheroidises	ise	spheroidizes
spheroidising	ise	spheroidizing
spilt	gb	spilled
spiraled	us	spiralled
spiraling	us	spiralling
spiralled	gb	spiraled
spiralling	gb	spiraling
spirea	us	spiraea
spireas	us	spiraeas
spiritualisation	ise	spiritualization
spiritualisations	ise	spiritualizations
spiritualise	ise	spiritualize
spiritualised	ise	spiritualized
spiritualises	ise	spiritualizes
spiritualising	ise	spiritualizing
spirochaete	gb	spirochete
spirochaetes	gb	spirochetes
spirochete	us	spirochaete
spirochetes	us	spirochaetes
splendor	us	splendour
splendors	us	splendours
splendour	gb	splendor
splendours	gb	splendors
splenectomised	ise	splenectomized
splenisation	ise	splenization
splenisations	ise	splenizations
spoilt	gb	spoiled
squirreled	us	squirrelled
squirreling	us	squirrelling
squirrelled	gb	squirreled
squirrelling	gb	squirreling
stabilisation	ise	stabilization
stabilisations	ise	stabilizations
stabilise	ise	stabilize
stabilised	ise	stabilized
stabiliser	ise	stabilizer
stabilisers	ise	stabilizers
stabilises	ise	stabilizes
stabilising	ise	stabilizing
standardisation	ise	standardization
standardisations	ise	standardizations
standardise	ise	standardize
standardised	ise	standardized
standardises	ise	standardizes
standardising	ise	standardizing
steatorrhea	us	steatorrhoea
steatorrheas	us	steatorrhoeas
steatorrhoea	gb	steatorrhea
steatorrhoeas	gb	steatorrheas
stenciled	us	stencilled
stenciling	us	stencilling
stencilled	gb	stenciled
stencilling	gb	stenciling
sterilisation	ise	sterilization
sterilisations	ise	sterilizations
sterilise	ise	sterilize
sterilised	ise	sterilized
steriliser	ise	sterilizer
sterilisers	ise	sterilizers
sterilises	ise	sterilizes
sterilising	ise	sterilizing
stigmatisation	ise	stigmatization
stigmatisations	ise	stigmatizations
stigmatise	ise	stigmatize
stigmatised	ise	stigmatized
stigmatises	ise	stigmatizes
stigmatising	ise	stigmatizing
stilboestrol	gb	stilbestrol
stilboestrols	gb	stilbestrols
storey	gb	story
storeys	gb	stories
strobilisation	ise	strobilization
strobilisations	ise	strobilizations
structuralisation	ise	structuralization
structuralisations	ise	structuralizations
structuralise	ise	structuralize
structuralises	ise	structuralizes
stylisation	ise	stylization
stylisations	ise	stylizations
stylise	ise	stylize
stylised	ise	stylized
stylises	ise	stylizes
stylising	ise	stylizing
stylopised	ise	stylopized
subcategorising	ise	subcategorizing
suberisation	ise	suberization
suberisations	ise	suberizations
suberise	ise	suberize
suberised	ise	suberized
suberises	ise	suberizes
suberising	ise	suberizing
subitise	ise	subitize
subitised	ise	subitized
subitises	ise	subitizes
subitising	ise	subitizing
subjectivisation	ise	subjectivization
subjectivisations	ise	subjectivizations
subjectivise	ise	subjectivize
subjectivised	ise	subjectivized
subjectivises	ise	subjectivizes
subjectivising	ise	subjectivizing
sublimise	ise	sublimize
sublimised	ise	sublimized
sublimises	ise	sublimizes
sublimising	ise	sublimizing
subminiaturisation	ise	subminiaturization
subminiaturise	ise	subminiaturize
subminiaturised	ise	subminiaturized
subminiaturises	ise	subminiaturizes
subminiaturising	ise	subminiaturizing
subsidisation	ise	subsidization
subsidisations	ise	subsidizations
subsidise	ise	subsidize
subsidised	ise	subsidized
subsidises	ise	subsidizes
subsidising	ise	subsidizing
subspecialise	ise	subspecialize
subspecialises	ise	subspecializes
substantialise	ise	substantialize
substantialised	ise	substantialized
substantialises	ise	substantializes
substantialising	ise	substantializing
substantivise	ise	substantivize
substantivised	ise	substantivized
substantivises	ise	substantivizes
substantivising	ise	substantivizing
subtilisation	ise	subtilization
subtilisations	ise	subtilizations
subtilise	ise	subtilize
subtilised	ise	subtilized
subtilises	ise	subtilizes
subtilising	ise	subtilizing
suburbanisation	ise	suburbanization
suburbanisations	ise	suburbanizations
suburbanise	ise	suburbanize
suburbanised	ise	suburbanized
suburbanises	ise	suburbanizes
suburbanising	ise	suburbanizing
succor	us	succour
succored	us	succoured
succoring	us	succouring
succors	us	succours
succour	gb	succor
succoured	gb	succored
succouring	gb	succoring
succours	gb	succors
sulcalise	ise	sulcalize
sulcalised	ise	sulcalized
sulcalises	ise	sulcalizes
sulcalising	ise	sulcalizing
sulfatise	ise	sulfatize
sulfatises	ise	sulfatizes
sulphate	gb	sulfate
sulphates	gb	sulfates
sulphide	gb	sulfide
sulphides	gb	sulfides
sulphur	gb	sulfur
sulphured	gb	sulfured
sulphuric	gb	sulfuric
sulphuring	gb	sulfuring
sulphurous	gb	sulfurous
sulphurs	gb	sulfurs
summarisation	ise	summarization
summarisations	ise	summarizations
summarise	ise	summarize
summarised	ise	summarized
summariser	ise	summarizer
summarisers	ise	summarizers
summarises	ise	summarizes
summarising	ise	summarizing
supercivilisation	ise	supercivilization
supercivilisations	ise	supercivilizations
supercivilised	ise	supercivilized
superficialise	ise	superficialize
superficialised	ise	superficialized
superficialises	ise	superficializes
superficialising	ise	superficializing
superhumanise	ise	superhumanize
superhumanised	ise	superhumanized
superhumanises	ise	superhumanizes
superhumanising	ise	superhumanizing
supernaturalise	ise	supernaturalize
supernaturalised	ise	supernaturalized
supernaturalises	ise	supernaturalizes
supernaturalising	ise	supernaturalizing
sweepstake	gb	sweepstakes
swiveled	us	swivelled
swiveling	us	swivelling
swivelled	gb	swiveled
swivelling	gb	swiveling
sycophantise	ise	sycophantize
sycophantised	ise	sycophantized
sycophantises	ise	sycophantizes
sycophantising	ise	sycophantizing
syllabise	ise	syllabize
syllabised	ise	syllabized
syllabises	ise	syllabizes
syllabising	ise	syllabizing
syllogisation	ise	syllogization
syllogisations	ise	syllogizations
syllogise	ise	syllogize
syllogised	ise	syllogized
syllogises	ise	syllogizes
syllogising	ise	syllogizing
symbolisation	ise	symbolization
symbolisations	ise	symbolizations
symbolise	ise	symbolize
symbolised	ise	symbolized
symbolises	ise	symbolizes
symbolising	ise	symbolizing
symmetricly	us	symmetrically
symmetrisation	ise	symmetrization
symmetrisations	ise	symmetrizations
symmetrise	ise	symmetrize
symmetrised	ise	symmetrized
symmetrises	ise	symmetrizes
symmetrising	ise	symmetrizing
sympathise	ise	sympathize
sympathised	ise	sympathized
sympathiser	ise	sympathizer
sympathisers	ise	sympathizers
sympathises	ise	sympathizes
sympathising	ise	sympathizing
sympathisings	ise	sympathizings
symphonise	ise	symphonize
symptomatise	ise	symptomatize
symptomatised	ise	symptomatized
symptomatises	ise	symptomatizes
symptomatising	ise	symptomatizing
symptomise	ise	symptomize
symptomises	ise	symptomizes
synchronisation	ise	synchronization
synchronisations	ise	synchronizations
synchronise	ise	synchronize
synchronised	ise	synchronized
synchroniser	ise	synchronizer
synchronisers	ise	synchronizers
synchronises	ise	synchronizes
synchronising	ise	synchronizing
syncretise	ise	syncretize
syncretised	ise	syncretized
syncretises	ise	syncretizes
syncretising	ise	syncretizing
synergise	ise	synergize
synergised	ise	synergized
synergises	ise	synergizes
synergising	ise	synergizing
synoecise	ise	synoecize
synoecised	ise	synoecized
synoecises	ise	synoecizes
synoecising	ise	synoecizing
synonymise	ise	synonymize
synonymised	ise	synonymized
synonymises	ise	synonymizes
synonymising	ise	synonymizing
synopsise	ise	synopsize
synopsised	ise	synopsized
synopsises	ise	synopsizes
synopsising	ise	synopsizing
synthesisation	ise	synthesization
synthesisations	ise	synthesizations
synthesise	ise	synthesize
synthesised	ise	synthesized
synthesiser	gb	synthesizer
synthesisers	gb	synthesizers
synthesises	ise	synthesizes
synthesising	ise	synthesizing
synthetize	gb	synthesize
synthetized	gb	synthesized
synthetizes	gb	synthesizes
synthetizing	gb	synthesizing
syntonise	ise	syntonize
syntonised	ise	syntonized
syntonises	ise	syntonizes
syntonising	ise	syntonizing
syphilisation	ise	syphilization
syphilisations	ise	syphilizations
syphilise	ise	syphilize
syphilised	ise	syphilized
syphilising	ise	syphilizing
syphon	gb	siphon
syphoned	gb	siphoned
syphoning	gb	siphoning
syphons	gb	siphons
systematisation	ise	systematization
systematisations	ise	systematizations
systematise	ise	systematize
systematised	ise	systematized
systematiser	ise	systematizer
systematisers	ise	systematizers
systematises	ise	systematizes
systematising	ise	systematizing
systemisation	ise	systemization
systemisations	ise	systemizations
systemise	ise	systemize
systemised	ise	systemized
systemiser	ise	systemizer
systemisers	ise	systemizers
systemises	ise	systemizes
systemising	ise	systemizing
tabularisation	ise	tabularization
tabularisations	ise	tabularizations
tabularise	ise	tabularize
tabularised	ise	tabularized
tabularises	ise	tabularizes
tabularising	ise	tabularizing
tachypnea	us	tachypnoea
tachypneas	us	tachypnoeas
tachypnoea	gb	tachypnea
tachypnoeas	gb	tachypneas
taffetised	ise	taffetized
tamboura	gb	tambura
tambouras	gb	tamburas
tantalisation	ise	tantalization
tantalisations	ise	tantalizations
tantalise	ise	tantalize
tantalised	ise	tantalized
tantaliser	ise	tantalizer
tantalisers	ise	tantalizers
tantalises	ise	tantalizes
tantalising	ise	tantalizing
tantalisinglier	ise	tantalizinglier
tantalisinglies	ise	tantalizinglies
tantalisingliest	ise	tantalizingliest
tantalisingly	ise	tantalizingly
tantalisings	ise	tantalizings
tartarisation	ise	tartarization
tartarisations	ise	tartarizations
tartarise	ise	tartarize
tartarised	ise	tartarized
tartarises	ise	tartarizes
tartarising	ise	tartarizing
tautologise	ise	tautologize
tautologised	ise	tautologized
tautologises	ise	tautologizes
tautologising	ise	tautologizing
taxidermise	ise	taxidermize
taxidermised	ise	taxidermized
taxidermises	ise	taxidermizes
taxidermising	ise	taxidermizing
teaselled	us	teaseled
teaseller	us	teaseler
teasellers	us	teaselers
teaselling	us	teaseling
teasellings	us	teaselings
technicalisation	ise	technicalization
technicalise	ise	technicalize
technicalises	ise	technicalizes
technicise	ise	technicize
technicised	ise	technicized
technicises	ise	technicizes
technicising	ise	technicizing
technologise	ise	technologize
teetotaler	us	teetotaller
teetotalers	us	teetotallers
teetotaller	gb	teetotaler
teetotallers	gb	teetotalers
telepathise	ise	telepathize
telepathised	ise	telepathized
telepathises	ise	telepathizes
telepathising	ise	telepathizing
tellurise	ise	tellurize
tellurised	ise	tellurized
tellurises	ise	tellurizes
tellurising	ise	tellurizing
temporalise	ise	temporalize
temporalised	ise	temporalized
temporalises	ise	temporalizes
temporalising	ise	temporalizing
temporisation	ise	temporization
temporisations	ise	temporizations
temporise	ise	temporize
temporised	ise	temporized
temporiser	ise	temporizer
temporisers	ise	temporizers
temporises	ise	temporizes
temporising	ise	temporizing
temporisings	ise	temporizings
tenderisation	ise	tenderization
tenderisations	ise	tenderizations
tenderise	ise	tenderize
tenderised	ise	tenderized
tenderiser	ise	tenderizer
tenderisers	ise	tenderizers
tenderises	ise	tenderizes
tenderising	ise	tenderizing
territorialisation	ise	territorialization
territorialisations	ise	territorializations
territorialise	ise	territorialize
territorialised	ise	territorialized
territorialises	ise	territorializes
territorialising	ise	territorializing
terrorisation	ise	terrorization
terrorisations	ise	terrorizations
terrorise	ise	terrorize
terrorised	ise	terrorized
terrorises	ise	terrorizes
terrorising	ise	terrorizing
testimonialise	ise	testimonialize
testimonialised	ise	testimonialized
testimonialises	ise	testimonializes
testimonialising	ise	testimonializing
tetanisation	ise	tetanization
tetanisations	ise	tetanizations
tetanise	ise	tetanize
tetanised	ise	tetanized
tetanises	ise	tetanizes
tetanising	ise	tetanizing
teutonise	ise	teutonize
texturise	ise	texturize
texturised	ise	texturized
texturises	ise	texturizes
texturising	ise	texturizing
thalassaemia	gb	thalassemia
thalassaemias	gb	thalassemias
thalassaemic	gb	thalassemic
thalassemia	us	thalassaemia
thalassemias	us	thalassaemias
thalassemic	us	thalassaemic
theater	us	theatre
theatergoer	us	theatregoer
theatergoers	us	theatregoers
theaters	us	theatres
theatre	gb	theater
theatregoer	gb	theatergoer
theatregoers	gb	theatergoers
theatres	gb	theaters
theatricalisation	ise	theatricalization
theatricalisations	ise	theatricalizations
theatricalise	ise	theatricalize
theatricalised	ise	theatricalized
theatricalises	ise	theatricalizes
theatricalising	ise	theatricalizing
theatricise	ise	theatricize
theatricised	ise	theatricized
theatricises	ise	theatricizes
theatricising	ise	theatricizing
theologise	ise	theologize
theologised	ise	theologized
theologises	ise	theologizes
theologising	ise	theologizing
theorisation	ise	theorization
theorisations	ise	theorizations
theorise	ise	theorize
theorised	ise	theorized
theoriser	ise	theorizer
theorisers	ise	theorizers
theorises	ise	theorizes
theorising	ise	theorizing
theosophise	ise	theosophize
theosophised	ise	theosophized
theosophises	ise	theosophizes
theosophising	ise	theosophizing
thermalisation	ise	thermalization
thermalisations	ise	thermalizations
thermalise	ise	thermalize
thermalised	ise	thermalized
thermalises	ise	thermalizes
thermalising	ise	thermalizing
thru	us	through
thymectomise	ise	thymectomize
thyroidectomised	ise	thyroidectomized
tidbit	us	titbit
tidbits	us	titbits
tinseled	us	tinselled
tinseling	us	tinselling
tinselled	gb	tinseled
tinselling	gb	tinseling
titbit	gb	tidbit
titbits	gb	tidbits
titer	us	titre
titers	us	titres
titre	gb	titer
titres	gb	titers
totaled	us	totalled
totaling	us	totalling
totalisation	ise	totalization
totalisations	ise	totalizations
totalise	ise	totalize
totalised	ise	totalized
totalises	ise	totalizes
totalising	ise	totalizing
totalitarianise	ise	totalitarianize
totalled	gb	totaled
totalling	gb	totaling
toweled	us	towelled
toweling	us	towelling
towelings	us	towellings
towelled	gb	toweled
towelling	gb	toweling
towellings	gb	towelings
toxaemia	gb	toxemia
toxaemias	gb	toxemias
toxaemic	gb	toxemic
toxemia	us	toxaemia
toxemias	us	toxaemias
toxemic	us	toxaemic
traditionalise	ise	traditionalize
traditionalised	ise	traditionalized
traditionalises	ise	traditionalizes
trammeled	us	trammelled
trammeling	us	trammelling
trammelled	gb	trammeled
trammelling	gb	trammeling
tranquilisation	ise	tranquilization
tranquilisations	ise	tranquilizations
tranquilize	us	tranquillise/tranquillize
tranquilized	us	tranquillised/tranquillized
tranquilizer	us	tranquilliser/tranquillizer
tranquilizers	us	tranquillisers/tranquillizers
tranquilizes	us	tranquillises/tranquillizes
tranquilizing	us	tranquillising/tranquillizing
tranquilizings	us	tranquillisings/tranquillizings
tranquillisation	ise	tranquillization
tranquillisations	ise	tranquillizations
tranquillise	gb	tranquilize
tranquillised	gb	tranquilized
tranquilliser	gb	tranquilizer
tranquillisers	gb	tranquilizers
tranquillises	gb	tranquilizes
tranquillising	gb	tranquilizing
tranquillisings	gb	tranquilizings
tranquillize	gb	tranquilize
tranquillized	gb	tranquilized
tranquillizer	gb	tranquilizer
tranquillizers	gb	tranquilizers
tranquillizes	gb	tranquilizes
tranquillizing	gb	tranquilizing
tranquillizings	gb	tranquilizings
transcendentalise	ise	transcendentalize
transcendentalised	ise	transcendentalized
transcendentalises	ise	transcendentalizes
transcendentalising	ise	transcendentalizing
transistorisation	ise	transistorization
transistorisations	ise	transistorizations
transistorise	ise	transistorize
transistorised	ise	transistorized
transistorises	ise	transistorizes
transistorising	ise	transistorizing
transparentise	ise	transparentize
transparentises	ise	transparentizes
traumatisation	ise	traumatization
traumatisations	ise	traumatizations
traumatise	ise	traumatize
traumatised	ise	traumatized
traumatises	ise	traumatizes
traumatising	ise	traumatizing
traveled	us	travelled
traveler	us	traveller
travelers	us	travellers
traveling	us	travelling
travelings	us	travellings
travelled	gb	traveled
traveller	gb	traveler
travellers	gb	travelers
travelling	gb	traveling
travellings	gb	travelings
travelog	us	travelogue
travelogs	us	travelogues
trialed	us	trialled
trialing	us	trialling
trialled	gb	trialed
trialling	gb	trialing
trichinisation	ise	trichinization
trichinisations	ise	trichinizations
trichinise	ise	trichinize
trichinised	ise	trichinized
trichinises	ise	trichinizes
trichinising	ise	trichinizing
trichotomise	ise	trichotomize
trichotomised	ise	trichotomized
trichotomises	ise	trichotomizes
trichotomising	ise	trichotomizing
trivialisation	ise	trivialization
trivialisations	ise	trivializations
trivialise	ise	trivialize
trivialised	ise	trivialized
trivialises	ise	trivializes
trivialising	ise	trivializing
tropicalisation	ise	tropicalization
tropicalisations	ise	tropicalizations
tropicalise	ise	tropicalize
tropicalised	ise	tropicalized
tropicalises	ise	tropicalizes
tropicalising	ise	tropicalizing
troweled	us	trowelled
troweling	us	trowelling
trowelled	gb	troweled
trowelling	gb	troweling
tsar	gb	czar
tsars	gb	czars
tuberculisation	ise	tuberculization
tuberculisations	ise	tuberculizations
tuberculise	ise	tuberculize
tuberculised	ise	tuberculized
tuberculises	ise	tuberculizes
tuberculising	ise	tuberculizing
tularaemia	gb	tularemia
tularaemias	gb	tularemias
tularaemic	gb	tularemic
tularemia	us	tularaemia
tularemias	us	tularaemias
tularemic	us	tularaemic
tumor	us	tumour
tumors	us	tumours
tumour	gb	tumor
tumours	gb	tumors
tunneled	us	tunnelled
tunneler	us	tunneller
tunnelers	us	tunnellers
tunneling	us	tunnelling
tunnelings	us	tunnellings
tunnelled	gb	tunneled
tunneller	gb	tunneler
tunnellers	gb	tunnelers
tunnelling	gb	tunneling
tunnellings	gb	tunnelings
tutorise	ise	tutorize
tutorised	ise	tutorized
tutorises	ise	tutorizes
tutorising	ise	tutorizing
tyrannise	ise	tyrannize
tyrannised	ise	tyrannized
tyrannises	ise	tyrannizes
tyrannising	ise	tyrannizing
tyrannisings	ise	tyrannizings
tyre	gb	tire
tyres	gb	tires
tzar	gb	czar
tzars	gb	czars
unacclimatised	ise	unacclimatized
unalphabetised	ise	unalphabetized
unamortised	ise	unamortized
unapologising	ise	unapologizing
unappetising	ise	unappetizing
unappetisinger	ise	unappetizinger
unappetisingest	ise	unappetizingest
unappetisinglier	ise	unappetizinglier
unappetisingliest	ise	unappetizingliest
unappetisingly	ise	unappetizingly
unauthorised	ise	unauthorized
unauthorisedder	ise	unauthorizedder
unauthoriseddest	ise	unauthorizeddest
unbaptise	ise	unbaptize
unbaptised	ise	unbaptized
unbaptises	ise	unbaptizes
unbaptising	ise	unbaptizing
uncanonise	ise	uncanonize
uncanonised	ise	uncanonized
uncanonises	ise	uncanonizes
uncanonising	ise	uncanonizing
uncapitalised	ise	uncapitalized
unchristianise	ise	unchristianize
unchristianised	ise	unchristianized
unchristianises	ise	unchristianizes
unchristianising	ise	unchristianizing
uncivilised	ise	uncivilized
uncolored	us	uncoloured
uncoloredder	us	uncolouredder
uncoloreddest	us	uncoloureddest
uncoloreds	us	uncoloureds
uncoloured	gb	uncolored
uncolouredder	gb	uncoloredder
uncoloureddest	gb	uncoloreddest
uncoloureds	gb	uncoloreds
uncrystallised	ise	uncrystallized
undercapitalisation	ise	undercapitalization
undercapitalisations	ise	undercapitalizations
undercapitalise	ise	undercapitalize
undercapitalised	ise	undercapitalized
undercapitalises	ise	undercapitalizes
undercapitalising	ise	undercapitalizing
underemphasise	ise	underemphasize
underemphasised	ise	underemphasized
underemphasises	ise	underemphasizes
underemphasising	ise	underemphasizing
underutilisation	ise	underutilization
underutilisations	ise	underutilizations
underutilise	ise	underutilize
underutilised	ise	underutilized
underutilises	ise	underutilizes
underutilising	ise	underutilizing
undramatised	ise	undramatized
unequaled	us	unequalled
unequaledder	us	unequalledder
unequaleddest	us	unequalleddest
unequalled	gb	unequaled
unequalledder	gb	unequaledder
unequalleddest	gb	unequaleddest
unfavorable	us	unfavourable
unfavorabler	us	unfavourabler
unfavorables	us	unfavourables
unfavorablest	us	unfavourablest
unfavorablier	us	unfavourablier
unfavorabliest	us	unfavourabliest
unfavorably	us	unfavourably
unfavourable	gb	unfavorable
unfavourabler	gb	unfavorabler
unfavourables	gb	unfavorables
unfavourablest	gb	unfavorablest
unfavourablier	gb	unfavorablier
unfavourabliest	gb	unfavorabliest
unfavourably	gb	unfavorably
unfertilised	ise	unfertilized
unfertilisedder	ise	unfertilizedder
unfertiliseddest	ise	unfertilizeddest
unfeudalise	ise	unfeudalize
unfeudalised	ise	unfeudalized
unfeudalises	ise	unfeudalizes
unfeudalising	ise	unfeudalizing
unflavored	us	unflavoured
unflavoredder	us	unflavouredder
unflavoreddest	us	unflavoureddest
unflavoured	gb	unflavored
unflavouredder	gb	unflavoredder
unflavoureddest	gb	unflavoreddest
unformalised	ise	unformalized
unfossilised	ise	unfossilized
unhumanise	ise	unhumanize
unhumanised	ise	unhumanized
unhumanises	ise	unhumanizes
unhumanising	ise	unhumanizing
uniformise	ise	uniformize
uniformised	ise	uniformized
uniformises	ise	uniformizes
uniformising	ise	uniformizing
unimmunised	ise	unimmunized
unindustrialised	ise	unindustrialized
uninitialised	ise	uninitialized
unionisation	ise	unionization
unionisations	ise	unionizations
unionise	ise	unionize
unionised	ise	unionized
unionises	ise	unionizes
unionising	ise	unionizing
unitisation	ise	unitization
unitisations	ise	unitizations
unitise	ise	unitize
unitised	ise	unitized
unitises	ise	unitizes
unitising	ise	unitizing
universalisation	ise	universalization
universalisations	ise	universalizations
universalise	ise	universalize
universalised	ise	universalized
universalises	ise	universalizes
universalising	ise	universalizing
unlabeled	us	unlabelled
unlabeledder	us	unlabelledder
unlabeleddest	us	unlabelleddest
unlabelled	gb	unlabeled
unlabelledder	gb	unlabeledder
unlabelleddest	gb	unlabeleddest
unlearnt	gb	unlearned
unlocalise	ise	unlocalize
unlocalised	ise	unlocalized
unlocalises	ise	unlocalizes
unlocalising	ise	unlocalizing
unmacadamised	ise	unmacadamized
unmaterialised	ise	unmaterialized
unmechanise	ise	unmechanize
unmechanised	ise	unmechanized
unmechanises	ise	unmechanizes
unmechanising	ise	unmechanizing
unmemorised	ise	unmemorized
unmethodised	ise	unmethodized
unmodernised	ise	unmodernized
unmoralise	ise	unmoralize
unmoralised	ise	unmoralized
unmoralises	ise	unmoralizes
unmoralising	ise	unmoralizing
unnaturalise	ise	unnaturalize
unnaturalised	ise	unnaturalized
unnaturalises	ise	unnaturalizes
unnaturalising	ise	unnaturalizing
unorganised	ise	unorganized
unoxidised	ise	unoxidized
unpasteurised	ise	unpasteurized
unpatronised	ise	unpatronized
unpolarised	ise	unpolarized
unpracticed	us	unpractised
unpracticedder	us	unpractisedder
unpracticeddest	us	unpractiseddest
unpractised	gb	unpracticed
unpractisedder	gb	unpracticedder
unpractiseddest	gb	unpracticeddest
unpressurised	ise	unpressurized
unprotestantise	ise	unprotestantize
unprotestantised	ise	unprotestantized
unprotestantises	ise	unprotestantizes
unprotestantising	ise	unprotestantizing
unpublicised	ise	unpublicized
unquantised	ise	unquantized
unraveled	us	unravelled
unraveling	us	unravelling
unravelled	gb	unraveled
unravelling	gb	unraveling
unrealisable	ise	unrealizable
unrealisables	ise	unrealizables
unrealise	ise	unrealize
unrealised	ise	unrealized
unrealises	ise	unrealizes
unrealising	ise	unrealizing
unrealisings	ise	unrealizings
unrecognisable	ise	unrecognizable
unrecognisabler	ise	unrecognizabler
unrecognisablest	ise	unrecognizablest
unrecognisably	ise	unrecognizably
unrecognised	ise	unrecognized
unrecognising	ise	unrecognizing
unrivaled	us	unrivalled
unrivaledder	us	unrivalledder
unrivaleddest	us	unrivalleddest
unrivalled	gb	unrivaled
unrivalledder	gb	unrivaledder
unrivalleddest	gb	unrivaleddest
unromanised	ise	unromanized
unromanticised	ise	unromanticized
unsavorier	us	unsavourier
unsavories	us	unsavouries
unsavoriest	us	unsavouriest
unsavoriness	us	unsavouriness
unsavorinesses	us	unsavourinesses
unsavory	us	unsavoury
unsavourier	gb	unsavorier
unsavouries	gb	unsavories
unsavouriest	gb	unsavoriest
unsavouriness	gb	unsavoriness
unsavourinesses	gb	unsavorinesses
unsavoury	gb	unsavory
unscrutinised	ise	unscrutinized
unsensitise	ise	unsensitize
unsensitised	ise	unsensitized
unsensitises	ise	unsensitizes
unsensitising	ise	unsensitizing
unsensualise	ise	unsensualize
unsensualised	ise	unsensualized
unsensualises	ise	unsensualizes
unsensualising	ise	unsensualizing
unsocialised	ise	unsocialized
unspecialised	ise	unspecialized
unspecialisedder	ise	unspecializedder
unspecialiseddest	ise	unspecializeddest
unspiritualise	ise	unspiritualize
unspiritualised	ise	unspiritualized
unspiritualises	ise	unspiritualizes
unspiritualising	ise	unspiritualizing
unstandardised	ise	unstandardized
unsterilised	ise	unsterilized
unstigmatised	ise	unstigmatized
unsubsidised	ise	unsubsidized
unsubstantialise	ise	unsubstantialize
unsubstantialised	ise	unsubstantialized
unsubstantialises	ise	unsubstantializes
unsubstantialising	ise	unsubstantializing
unsymmetrised	ise	unsymmetrized
unsympathising	ise	unsympathizing
unsynchronised	ise	unsynchronized
unsystematised	ise	unsystematized
untrammeled	us	untrammelled
untrammeledder	us	untrammelledder
untrammeleddest	us	untrammelleddest
untrammelled	gb	untrammeled
untrammelledder	gb	untrammeledder
untrammelleddest	gb	untrammeleddest
unutilised	ise	unutilized
unverbalised	ise	unverbalized
unvocalised	ise	unvocalized
unvulcanised	ise	unvulcanized
unvulgarise	ise	unvulgarize
unvulgarised	ise	unvulgarized
unvulgarises	ise	unvulgarizes
unvulgarising	ise	unvulgarizing
updraft	us	updraught
updrafts	us	updraughts
updraught	gb	updraft
updraughts	gb	updrafts
uraemia	gb	uremia
uraemias	gb	uremias
uraemic	gb	uremic
uralitisation	ise	uralitization
uralitisations	ise	uralitizations
uralitise	ise	uralitize
uralitised	ise	uralitized
uralitises	ise	uralitizes
uralitising	ise	uralitizing
urbanisation	ise	urbanization
urbanisations	ise	urbanizations
urbanise	ise	urbanize
urbanised	ise	urbanized
urbanises	ise	urbanizes
urbanising	ise	urbanizing
uremia	us	uraemia
uremias	us	uraemias
uremic	us	uraemic
urinaemia	gb	urinemia
urinaemic	gb	urinemic
urinemia	us	urinaemia
urinemic	us	urinaemic
utilisable	ise	utilizable
utilisables	ise	utilizables
utilisation	ise	utilization
utilisations	ise	utilizations
utilise	ise	utilize
utilised	ise	utilized
utilises	ise	utilizes
utilising	ise	utilizing
utilitarianise	ise	utilitarianize
utilitarianised	ise	utilitarianized
utilitarianises	ise	utilitarianizes
utilitarianising	ise	utilitarianizing
utopianise	ise	utopianize
utopianised	ise	utopianized
utopianises	ise	utopianizes
utopianising	ise	utopianizing
vacuolisation	ise	vacuolization
vacuolisations	ise	vacuolizations
vagabondise	ise	vagabondize
vagabondised	ise	vagabondized
vagabondises	ise	vagabondizes
vagabondising	ise	vagabondizing
valor	us	valour
valorisation	ise	valorization
valorisations	ise	valorizations
valorise	ise	valorize
valorised	ise	valorized
valorises	ise	valorizes
valorising	ise	valorizing
valors	us	valours
valour	gb	valor
valours	gb	valors
vampirise	ise	vampirize
vampirised	ise	vampirized
vampirises	ise	vampirizes
vampirising	ise	vampirizing
vandalisation	ise	vandalization
vandalisations	ise	vandalizations
vandalise	ise	vandalize
vandalised	ise	vandalized
vandalises	ise	vandalizes
vandalising	ise	vandalizing
vapor	us	vapour
vapored	us	vapoured
vaporing	us	vapouring
vaporings	us	vapourings
vaporisation	ise	vaporization
vaporisations	ise	vaporizations
vaporise	ise	vaporize
vaporised	ise	vaporized
vaporiser	ise	vaporizer
vaporisers	ise	vaporizers
vaporises	ise	vaporizes
vaporising	ise	vaporizing
vapors	us	vapours
vaporware	us	vapourware
vapour	gb	vapor
vapoured	gb	vapored
vapouring	gb	vaporing
vapourings	gb	vaporings
vapours	gb	vapors
vapourware	gb	vaporware
varicolored	us	varicoloured
varicoloredder	us	varicolouredder
varicoloreddest	us	varicoloureddest
varicoloreds	us	varicoloureds
varicoloured	gb	varicolored
varicolouredder	gb	varicoloredder
varicoloureddest	gb	varicoloreddest
varicoloureds	gb	varicoloreds
vascularisation	ise	vascularization
vascularisations	ise	vascularizations
vascularise	ise	vascularize
vascularised	ise	vascularized
vascularises	ise	vascularizes
vascularising	ise	vascularizing
vasectomise	ise	vasectomize
vasectomised	ise	vasectomized
vasectomising	ise	vasectomizing
vassalise	ise	vassalize
vassalised	ise	vassalized
vassalises	ise	vassalizes
vassalising	ise	vassalizing
vectorisation	ise	vectorization
vectorisations	ise	vectorizations
vectorise	ise	vectorize
vectorised	ise	vectorized
vectorises	ise	vectorizes
vectorising	ise	vectorizing
velarisation	ise	velarization
velarisations	ise	velarizations
velarise	ise	velarize
velarised	ise	velarized
velarises	ise	velarizes
velarising	ise	velarizing
ventriloquise	ise	ventriloquize
ventriloquised	ise	ventriloquized
ventriloquises	ise	ventriloquizes
ventriloquising	ise	ventriloquizing
verbalisation	ise	verbalization
verbalisations	ise	verbalizations
verbalise	ise	verbalize
verbalised	ise	verbalized
verbaliser	ise	verbalizer
verbalisers	ise	verbalizers
verbalises	ise	verbalizes
verbalising	ise	verbalizing
vernacularisation	ise	vernacularization
vernacularisations	ise	vernacularizations
vernacularise	ise	vernacularize
vernacularised	ise	vernacularized
vernacularises	ise	vernacularizes
vernacularising	ise	vernacularizing
vernalisation	ise	vernalization
vernalisations	ise	vernalizations
vernalise	ise	vernalize
vernalised	ise	vernalized
vernalises	ise	vernalizes
vernalising	ise	vernalizing
victimisation	ise	victimization
victimisations	ise	victimizations
victimise	ise	victimize
victimised	ise	victimized
victimiser	ise	victimizer
victimisers	ise	victimizers
victimises	ise	victimizes
victimising	ise	victimizing
victualed	us	victualled
victualer	us	victualler
victualers	us	victuallers
victualing	us	victualling
victualled	gb	victualed
victualler	gb	victualer
victuallers	gb	victualers
victualling	gb	victualing
vigor	us	vigour
vigors	us	vigours
vigour	gb	vigor
vigours	gb	vigors
villagisation	ise	villagization
villagisations	ise	villagizations
viraemia	gb	viremia
viraemias	gb	viremias
viraemic	gb	viremic
viremia	us	viraemia
viremias	us	viraemias
viremic	us	viraemic
virilisation	ise	virilization
virilisations	ise	virilizations
virilised	ise	virilized
virilising	ise	virilizing
visualisation	ise	visualization
visualisations	ise	visualizations
visualise	ise	visualize
visualised	ise	visualized
visualises	ise	visualizes
visualising	ise	visualizing
vitalisation	ise	vitalization
vitalisations	ise	vitalizations
vitalise	ise	vitalize
vitalised	ise	vitalized
vitalises	ise	vitalizes
vitalising	ise	vitalizing
vitalisings	ise	vitalizings
vitaminise	ise	vitaminize
vitaminised	ise	vitaminized
vitaminises	ise	vitaminizes
vitaminising	ise	vitaminizing
vitriolisation	ise	vitriolization
vitriolisations	ise	vitriolizations
vitriolise	ise	vitriolize
vitriolised	ise	vitriolized
vitriolises	ise	vitriolizes
vitriolising	ise	vitriolizing
vocalisation	ise	vocalization
vocalisations	ise	vocalizations
vocalise	ise	vocalize
vocalised	ise	vocalized
vocalises	ise	vocalizes
vocalising	ise	vocalizing
volatilisation	ise	volatilization
volatilisations	ise	volatilizations
volatilise	ise	volatilize
volatilised	ise	volatilized
volatilises	ise	volatilizes
volatilising	ise	volatilizing
volcanisation	ise	volcanization
volcanisations	ise	volcanizations
volcanise	ise	volcanize
volcanised	ise	volcanized
volcanises	ise	volcanizes
volcanising	ise	volcanizing
vowelisation	ise	vowelization
vowelisations	ise	vowelizations
vowelise	ise	vowelize
vowelised	ise	vowelized
vowelises	ise	vowelizes
vowelising	ise	vowelizing
vulcanisation	ise	vulcanization
vulcanisations	ise	vulcanizations
vulcanise	ise	vulcanize
vulcanised	ise	vulcanized
vulcaniser	ise	vulcanizer
vulcanisers	ise	vulcanizers
vulcanises	ise	vulcanizes
vulcanising	ise	vulcanizing
vulgarisation	ise	vulgarization
vulgarisations	ise	vulgarizations
vulgarise	ise	vulgarize
vulgarised	ise	vulgarized
vulgarises	ise	vulgarizes
vulgarising	ise	vulgarizing
waggon	gb	wagon
waggoned	gb	wagoned
waggoner	gb	wagoner
waggoners	gb	wagoners
waggonette	gb	wagonette
waggonettes	gb	wagonettes
waggoning	gb	wagoning
waggons	gb	wagons
warrantise	ise	warrantize
watercolor	us	watercolour
watercolored	us	watercoloured
watercoloring	us	watercolouring
watercolorist	us	watercolourist
watercolorists	us	watercolourists
watercolors	us	watercolours
watercolour	gb	watercolor
watercoloured	gb	watercolored
watercolouring	gb	watercoloring
watercolourist	gb	watercolorist
watercolourists	gb	watercolorists
watercolours	gb	watercolors
weaseled	us	weaselled
weaseling	us	weaselling
weaselled	gb	weaseled
weaselling	gb	weaseling
weatherise	ise	weatherize
weatherised	ise	weatherized
weatherises	ise	weatherizes
weatherising	ise	weatherizing
westernisation	ise	westernization
westernisations	ise	westernizations
westernise	ise	westernize
westernised	ise	westernized
westernises	ise	westernizes
westernising	ise	westernizing
whirr	gb	whir
whirrs	gb	whirs
whiskeys	us	whiskies
whiz	us	whizz
wilfullier	gb	willfullier
wilfulliest	gb	willfulliest
wilfully	gb	willfully
willful	us	wilful
willfuler	us	wilfuler
willfulest	us	wilfulest
willfullier	us	wilfullier
willfulliest	us	wilfulliest
willfully	us	wilfully
willfulness	us	wilfulness
winterisation	ise	winterization
winterisations	ise	winterizations
winterise	ise	winterize
winterised	ise	winterized
winterises	ise	winterizes
winterising	ise	winterizing
womanise	ise	womanize
womanised	ise	womanized
womaniser	ise	womanizer
womanisers	ise	womanizers
womanises	ise	womanizes
womanising	ise	womanizing
woolen	us	woollen
woolenner	us	woollenner
woolennest	us	woollennest
woolens	us	woollens
woollen	gb	woolen
woollenner	gb	woolenner
woollennest	gb	woolennest
woollens	gb	woolens
worshiped	us	worshipped
worshiper	us	worshipper
worshipers	us	worshippers
worshiping	us	worshipping
worshipped	gb	worshiped
worshipper	gb	worshiper
worshippers	gb	worshipers
worshipping	gb	worshiping
yodeled	us	yodelled
yodeler	us	yodeller
yodelers	us	yodellers
yodeling	us	yodelling
yodelled	gb	yodeled
yodeller	gb	yodeler
yodellers	gb	yodelers
yodelling	gb	yodeling
yoghourt	gb	yogurt
yoghourts	gb	yogurts
yoghurt	gb	yogurt
yoghurts	gb	yogurts
